Clade	spp.	Mean	Min	2.5pct	16pct	25pct	median	75pct	84pct	97.5pct	Max
cellular_organisms_ott93302	2294776	65441768.962353	63890519.951887	63971972.339900	64316216.035557	64646487.990354	65687899.825150	66153269.688570	66257511.784900	66494031.210183	66689609.241170	64878334.29731001	65175772.555414766	65758796.615381226	64525632.82055487	65967784.941264704	66224830.62359512	63890519.95188661	65916928.51607934	65845619.13269427	66491609.99450504	66081813.65068565	65917881.58515009	66336495.152859986	65924098.69377373	65663064.8568874	66496707.29066944	64248318.89439855	64270707.36467181	65967640.57769142	66488628.18642476	65975462.175458	66053166.62469137	63943457.30001786	64251253.10971968	65604676.705781505	65599814.36585523	65604712.05048743	66423033.11148423	65320244.70383927	64683178.21321666	65985821.1978113	65470561.73752746	66689609.241169594	63997771.66169816	66377452.40328883	66527793.43544324	64275549.75256337	64203181.067209534	66155383.65691754	65233624.30144504	65684030.918380186	64684102.26731326	65538904.55247879	66258247.23598598	66224786.85993555	64425792.30153614	65540628.288395196	66187274.687970534	66201947.13237214	65837076.40110156	64088717.98984237	65737316.300017	65691768.73191981	65785748.679581344	66378825.374568164	65640439.01461251	64350752.12772851	64273797.91043502	66206208.13490662	64639293.476658806	66397184.89410846	65100623.64203532	64184379.01018884	63921974.07001954	66484417.37159254	66208673.96250063	66334840.69279672	66382112.622930944	66244974.24528763	65572859.05129251	64013662.062775	65367361.11054607	64388298.321257055	66375690.12545772	64309637.73228663	66146927.78352636	64706797.60632012	66054573.10844158	64434088.57206559	65885222.12100208	64162570.3169032	65965139.677640185	65943043.10966186	64184428.72327635	64043882.58129226	65807099.80653185	64477626.81968354	66107988.147787556	64721896.192086905	65753023.58336328	65860863.220797	65819664.76272932	64409972.15876213	64422904.78543416	65555461.80464055	65296693.01538737	66253650.666695535	64668071.531439185	66280850.85200983	65641476.25229725	64963308.119184114	66383929.02273584
Eukaryota_ott304358	2215635	46994857.574999	45443075.365865	45524787.680548	45869788.489539	46200204.656399	47240455.239128	47705890.084215	47811084.238881	48047747.876229	48242424.581818	46430889.711310506	46728587.89606275	47311352.02935921	46078448.16120284	47521501.607310176	47778547.2896406	45443075.36586459	47469483.93005732	47398434.47334224	48045326.66055052	47635530.31673113	47470696.92579807	47890211.818905465	47476914.034421705	47216781.52293288	48050423.95671492	45800874.30837652	45824424.03071728	47521357.2437369	48042344.852470234	47529178.84150348	47606883.29073685	45496272.64066584	45803808.52369766	47157232.119759485	47152629.70650321	47157267.4644654	47975848.45213221	46873060.04448725	46236894.879262134	47538376.61178927	47023377.07817544	48242424.58181757	45550587.002346136	47930267.7439368	48080608.77609121	45829266.418608844	45755996.40785751	47707939.07089552	46786439.64209301	47236586.33235817	46237818.93335874	47092621.21852427	47811963.90203145	47777342.27391353	45978347.715514116	47093443.62904317	47740090.02861851	47754762.473020114	47389631.81507954	45641273.40382035	47289871.71399498	47244324.14589778	47338304.093559325	47931640.715216145	47194155.68065799	45903567.46837648	45826613.251082994	47759023.47555459	46193010.14270428	47950901.56015394	46653438.9826833	45736934.42416681	45475690.736065015	48038134.03763801	47762390.628546104	47887656.033444695	47934668.036908925	47798690.9113331	47126575.71733799	45566217.47675298	46921077.77659155	45942014.987302534	47929406.7915032	45863354.398332104	47699743.12417434	46259612.94696809	47608289.77448705	45987805.238111064	47438037.46165005	45715385.65755117	47518856.34368566	47495598.523639835	45738145.38932183	45596437.99527024	47359915.14717983	46031343.48572901	47660543.56176553	46275612.85813238	47305838.92401126	47414579.88684248	47372220.17670729	45962527.5727401	45975720.12608213	47109178.47068602	46849508.356035344	47806466.00734351	46221788.197484665	47833406.26598781	47195192.91834273	46516123.45983209	47936484.436713815
Metazoa_ott691846	1475149	31804061.733547	30536840.571098	30591566.127361	30804790.447331	30904940.869124	32201829.066480	32399111.409851	32474174.399349	32630887.567270	32694125.868783	31278197.40625721	31006171.224374574	32193786.129164044	30935098.129366137	32318359.68730553	32357930.54250566	30670710.644355774	32168406.353134833	32265602.06018813	32302146.448815536	32694125.868782524	32145306.493635435	32506019.895706043	32473442.591162715	32395069.766068183	32464281.438866485	30839801.00814246	30690231.412871204	32599404.538544472	32668120.18756002	32361105.714241415	32239946.640020203	30712741.05863317	30536840.571098235	31846840.536869496	32168671.703334276	32175582.771478757	32263646.16529247	31909294.497287646	30786542.23422579	32400458.624445222	32086114.03625851	32544589.507437546	30656803.43645774	32478454.96850934	32602856.05219909	31006292.129146732	30809901.32640417	32392995.36151487	31030442.68111918	32266867.13917008	30853812.31900724	32276250.807954177	32452319.53174401	32477679.99563848	30658317.858538546	32165963.79408042	32457704.95243751	32255926.455758285	32507345.92514613	30879543.45441668	32530942.34231307	32106806.73197542	32548773.435093496	32393519.344638105	32193515.547571376	30714227.825220846	30920607.045037556	32282079.333257675	30655151.337005682	32474313.7913845	31002274.20826242	30803816.946555734	30720195.518976923	32661869.768138636	32427773.7438729	32186404.599123895	32226092.655048754	32287406.001879193	32161287.046641346	30617907.45990715	32209872.003795676	30924030.47403737	32503598.96230912	30644754.542142842	32533207.249780416	30884350.688427825	32429750.25948022	31026294.801820237	32322727.47833361	30568596.406016625	32323787.08460832	32154753.995290823	30541816.057592314	30612348.256196056	32401620.92188088	30899718.810485527	32463817.922089633	30869187.3771316	32344958.89269633	32238535.677480575	32598689.770226974	30860430.150082774	30819308.750925932	32377458.839452364	32098662.858776823	32239207.57525535	30779045.543627176	32525489.697747	32213714.633802038	31070479.697576277	32385052.684149034
Chordata_ott125642	82902	1206602.041962	1164302.582835	1165660.497847	1182231.217779	1187203.221197	1202272.574836	1222158.289657	1235007.657652	1260627.070414	1270879.154778	1184093.7433852	1213099.7264980997	1207073.6123435134	1235599.2116834659	1201412.419843973	1193138.382358073	1211288.3454387668	1182883.2652527764	1201866.6913957454	1198059.730513746	1196862.7188177642	1215587.5625257853	1248498.4259388365	1252808.2884180455	1213785.1819109216	1197187.2347633555	1174453.4177981992	1200862.7552032967	1257485.3767812757	1225415.9112640957	1230156.624223152	1182441.4578758064	1183502.263085477	1230507.337880448	1194726.6548408973	1167262.3509428515	1164625.6066905155	1183230.8201618232	1174977.2833108555	1198536.8073493587	1180015.197822872	1187753.6520384746	1226808.1040001097	1229429.0484015818	1208902.110680894	1197619.9283644077	1203504.879325362	1231901.9989876794	1200517.484486481	1202678.4582759903	1187019.7442495865	1180291.8172655844	1250935.2673038172	1222294.5742708342	1212508.1538020545	1211845.2341492188	1236018.132678945	1197486.7993918862	1264099.4686386923	1182191.172045681	1235818.537165479	1196135.226795374	1192824.8502477563	1213819.1830816246	1216194.8323181914	1165014.260466299	1245421.8382093234	1240812.6097535952	1196019.3917898925	1169710.6513717978	1196964.031864378	1204108.765599926	1222303.278444929	1202851.9858490652	1202856.9131851976	1199541.8338128254	1202877.7012594494	1221749.435816497	1208379.2615074576	1198020.4584624018	1237118.664576094	1184345.5950626503	1219906.4647743003	1200448.564548334	1189653.3118642212	1195587.6826186932	1248600.5458909406	1175617.9260844733	1212495.6680311535	1256236.331332937	1166245.188810037	1179428.9778534372	1219811.4461225525	1248603.5188557457	1197970.4694849253	1270879.1547782319	1174510.439138742	1164302.5828345262	1210860.4634540775	1207092.9723248952	1178991.6825702447	1264178.896062312	1185765.5011578666	1179442.3263282736	1182900.9735849346	1223696.4452536239	1200885.4071483219	1206740.9979226524	1206460.1484145427	1171588.7420585665	1199041.9825309212	1247323.7269456575
Actinopteri_ott285821	37409	420571.017875	410238.804015	412654.708191	416328.649787	417761.043756	420962.029055	423017.782541	423521.585174	430432.987137	433547.562329	416700.2470263	418135.8062916243	423037.9323324894	423247.05547551013	417349.5485419368	416644.8772439016	422774.7109296913	413349.8746303158	423271.71251212986	421037.28449314495	415051.5883654384	414093.5111298345	422319.35900190996	418953.9599463296	419308.55000660365	420463.3329327599	420221.5138969707	417033.2110137863	416268.4159862123	421243.90447384125	425815.9069781586	420829.9692790811	423371.94660765975	418823.7805403917	420218.030489534	417818.48126093554	414389.9396745795	424494.2210034937	422150.95461421635	420785.06726887	422745.85511281627	422758.1249277858	423318.4733685	430746.9684823718	433547.5623294031	423533.9009286164	422242.0209068739	423385.5694928449	412299.2318865811	420572.5686429431	415475.9746073372	416218.9095449973	421061.65752457746	422976.7199232713	417193.50452645164	416081.2274178414	412976.3296093829	419218.45886143955	423429.9668129917	414122.0468502217	418127.908864929	417219.45965087565	419068.37689667824	414766.9377353655	430148.9087765932	422474.9559786634	421499.5713946953	422121.08071778464	422346.0116874338	416787.2617776252	417741.8979212458	424099.64497237233	423985.3019754226	418753.55769308395	419768.9227734011	419298.66841211135	426052.89288661635	422972.99060125137	423456.9274596963	420886.773617404	421075.2366291441	420875.8083959855	421296.3414931683	421318.8678969794	427799.2459329779	422305.38904641324	424639.07028877194	411418.27787699486	432497.1647911302	423658.3661360405	421469.37195801066	410238.8040154813	416044.6168562692	424721.7148086639	413720.8389498175	420437.21824239194	418249.041869777	414351.7406308261	420820.1698554854	424351.8080287867	418900.9830086603	421319.129123015	421465.26085083	426128.2515381225	418907.7707144433	422793.6663951416	429551.3857945456	419137.047388709	422139.6301365844	417619.0147153687	421273.3023361595	423031.47007982753
Squamata_ott35888	11220	189362.123717	163187.499734	165323.776803	170470.456150	172594.055696	180294.077591	213277.979852	225224.868906	226389.901286	226516.920812	178668.8230786	187170.38508043042	180178.43380410224	226516.92081153294	187126.4544353212	176871.5542590341	179900.48393355648	180920.25853883717	170012.510167885	172630.06781507126	166654.50402035317	179163.91072862822	225224.79685614034	226047.15308649788	185878.28793274114	187627.59670654408	171399.31578525022	189576.88575081163	225183.055356565	186475.17530329444	226328.050665758	179910.73861767628	172678.90684036462	226174.6790480504	179622.91318254784	179947.6057532655	179731.51571225678	166630.33726679298	167752.36674469098	172437.59609720574	171929.6310510201	173325.20234230952	188334.9075155224	189617.84805851572	168593.26890343174	164482.8490724987	172270.7307275106	225224.8826295948	186229.5267079119	177466.59750010035	177390.71083676073	181010.74420305042	226348.51476325878	180137.64514067274	226030.44362986422	221830.58569430036	224632.75919677413	177125.52085707337	226265.39463551587	180538.92037700463	224696.37817032912	172408.4075777025	172721.51590067646	177019.62216030803	189323.98614234774	173766.43934917284	226161.12591390932	226417.8639218229	169013.8661300113	174327.6371833204	181361.73341644197	170100.64219643734	225664.11026475867	187174.06976451128	179279.90420002476	183910.55229334408	166583.7406457846	221164.69045029773	189026.6285705389	171953.92006681973	225982.25312779614	180855.06937675548	186060.53131486403	179303.8359746165	177513.72309028736	170263.7816764406	226264.3539149931	172582.05165644072	189523.89124106237	226203.35293354694	168572.1815775548	181224.38460193982	222302.21081162684	223206.7464870284	177432.17266356203	225998.44278084612	166416.97712631052	170940.81805443976	170380.86340622543	163187.49973414367	168481.14888543173	226432.18559935075	163634.35770211255	166084.61617869732	176206.86100022524	221755.98889594543	180667.36474763998	186951.0854047623	186483.09504001134	171945.64944467068	180409.72137793258	226364.60175867993
Aves_ott81461	10931	94493.269707	77795.721560	78796.012832	84661.660953	88659.532107	95808.217864	101005.601241	102741.673132	106058.967662	106445.378213	90829.94758699999	92540.07168318833	100512.82363331606	87509.35640245635	97985.5075124116	100364.12725728373	91814.17506899568	91851.72814975677	95573.27283494381	98073.22683260332	105656.80583741103	101392.73852438797	82905.58357640418	98247.9276672941	106215.24391214078	92563.12075087028	81100.70688935257	92226.41243774259	106353.04898564593	101241.25148271	79427.4930175683	89838.7230708586	98209.64935756304	100160.60183105538	99801.92470602765	77795.72155998442	78466.81718762846	96554.9026652898	85485.42566612958	98734.65435421975	101663.53623488141	98943.93362789291	101016.28085505083	105242.987104423	104147.67953026164	98001.74828644635	105723.57175329649	89948.63329343872	91126.4467641958	100419.756663531	99770.94472792851	94422.0071117535	97111.87677862386	104083.80479886525	79114.47177823013	84658.41595487192	100973.56239755299	105840.8120902896	100304.21963029506	95575.03047842105	102755.5866516655	93125.29707956714	101598.34507000158	105917.57486395752	103476.35375920865	80016.30099365697	96909.88515970047	105621.41137496155	90089.28938963536	88283.32466683017	99107.67866548453	101463.1578125335	82640.2232758288	77955.62403905469	85803.95288809428	93956.89911438814	93882.02595189761	79522.15545913621	97935.59515124702	102668.62715605949	84678.69719483706	90693.16523563795	92019.71223849195	87323.99573214908	79093.85651086469	101814.66111751966	92560.69564154002	80754.90435642295	94565.4634393376	102648.08273839949	81946.33576086143	84194.384812673	86024.60851294533	98051.65546176393	102854.3044941561	105796.74714332385	84514.39489364448	93364.23549467856	95583.06253908732	103320.74830760663	86867.12228421407	106445.37821293955	99905.33454168949	88477.09758188519	93108.69505209489	83184.64553416822	103399.26909419423	96033.37318880062	100116.60144703485	92445.74950748392	97067.67752269088	89206.83568090377
Amphibia_ott544595	9835	129451.275299	127993.818221	128101.288390	128702.829220	128896.083135	129486.580775	129972.642624	130109.938524	130959.773295	131057.582575	130377.16351039999	129760.11744373153	130043.44379902426	129367.50471403726	129367.50471403726	130456.6325747762	129209.44131435783	131057.5825748974	130084.68368818855	128896.08313466549	129975.03795684726	130176.94747941215	128517.42423218017	129202.48350812806	129802.48006462022	129209.44131435783	128470.90518385505	129688.31065107304	129269.34093441916	130234.75311836976	130145.56161836977	129899.35203830335	130046.88558246144	127993.81822121664	130145.56161836977	128713.68335448978	130046.88558246144	128470.90518385505	130244.33444836974	129903.8005720736	129487.27517806736	128647.48612913086	128695.04766165982	128860.20184213654	129497.56661098794	128896.08313466549	130223.58702837068	128654.22235448979	129802.48006462022	129935.9837450081	129965.45662684727	129903.8005720736	130428.29981765775	129050.43172285226	129050.43172285226	129786.27631495513	129381.38426914842	129558.24875412235	128123.88011816729	129081.72078980294	129786.27631495516	129788.45020084998	129332.54540507874	129913.38190207358	128896.08313466549	129152.54954219775	129320.86516507874	128702.829220297	129485.88637098795	129899.35203830335	129814.60907207361	128702.82922029699	129558.24875412237	131051.9367391703	130112.68519091731	129209.44131435783	128123.88011816732	128750.39075282594	128647.48612913085	128518.46671638399	129367.50471403726	130043.44379902426	130112.68519091731	129282.61143914843	129367.50471403726	128896.08313466549	129367.50471403726	130876.38732082826	129497.56661098794	128730.13994518586	128016.85758563837	130046.88558246146	131051.9367391703	128123.88011816732	129320.86516507874	129521.15337700296	130242.74708786799	128524.16045753911	130353.64892532135	128750.39075282594	130065.52362869123	129764.56597750176	128856.64663457486	128076.31858563836	130095.51852379795	129202.48350812806	128896.08313466549	129786.27631495513	129814.60907207358	129380.24277187252	128524.16045753911	129497.56661098794
Mammalia_ott244265	7965	57616.334775	47593.987036	49894.325334	52760.529901	53863.915398	57382.203451	60665.341644	62509.865150	67148.500364	67850.588533	56594.75566539999	58192.47115218732	58936.51294146557	61201.32297765845	60076.676567637325	54090.01979746536	59829.095311557445	51812.88110820015	55220.72012752561	63251.96419825651	51914.22828724542	63238.280413412234	61693.69570392311	53256.08020130592	58804.17578804465	60574.505572620285	65037.27276643408	57435.41330525073	52939.35446378411	58827.76558855529	53656.879422797974	54281.34846621021	53070.57550863557	49029.610521766255	56874.273402069615	56710.64358251414	54438.071405981114	57040.079263498024	60683.44707315271	62719.90182271036	47593.98703595346	57382.98406464712	57793.58552709156	57873.74685636754	57832.414937306086	67362.79267252982	58872.83483184292	57044.43609335104	53861.23454395845	60611.025358008366	56752.84985988436	52101.89762345733	66813.7831596579	58111.9986001034	54973.34495197498	53271.23119021298	54248.454594793235	51428.235185096055	58376.505997462256	48905.79640129841	53584.330614889	56366.648333601275	52748.559221417745	58909.950718949316	55237.64201969363	52823.37596958291	57091.894531511076	52060.704771540084	57376.584480679325	52432.025067364164	55054.16843203814	52385.47655686587	54326.026731110716	60899.80848452657	60891.768554293296	65268.674797091306	58139.873756104294	55675.52990968704	61635.3123129799	65595.23481807079	61478.69694297029	53871.957961020074	62665.325997413	55298.16809306925	65628.14011659099	55302.22487323207	61263.49469858048	52873.61095199757	52029.55742297077	57893.5991021463	57008.66745805654	65750.68616063263	50676.68635487544	67850.5885326726	67295.7979386094	58028.75950233281	60880.085983480814	50715.147126904	65889.70603021092	58987.34515555977	67015.2311306725	66104.39374962062	57381.42283700016	59034.370945721275	57870.82066949392	52653.968853878825	51748.026874859665	59387.13017787675	60045.64731798992	51783.873983617326	57375.52207212637	63928.7400974138
Chondrichthyes_ott278108	1653	51679.128019	50994.252805	50994.252805	51248.239881	51293.898711	51669.537171	51847.979167	51923.448884	52759.008598	52810.398001	51256.9177389	51218.221662458476	51640.6985044168	52797.955143857645	51804.06705975309	51924.86034862954	51775.4757051735	51376.94866549071	51804.06705975309	51698.37583720563	51783.348875360854	51829.41194121151	51818.62279979933	51069.92985265776	51218.221662458476	51725.671542572025	51640.6985044168	52513.79329964491	51293.898710615475	51389.16054344964	51839.88731047432	51389.16054344964	51248.23988125165	51916.03869553943	51463.33882724279	51293.898710615475	51165.19168549192	52598.76633780013	50994.25280450076	51069.92985265776	51775.4757051735	51698.37583720563	51640.6985044168	51640.6985044168	52513.79329964491	52598.76633780013	51293.898710615475	52797.955143857645	51363.538336025464	51069.92985265776	51248.23988125165	51829.41194121151	52810.398001442525	51937.30320621442	51389.16054344964	51302.77038169755	50994.252804500764	51783.348875360854	51725.671542572025	51218.221662458476	51916.03869553943	51363.538336025464	51839.88731047432	51311.47210940864	52513.79329964491	51903.59583795455	51725.671542572025	50994.25280450076	51903.59583795455	51311.47210940864	51293.898710615475	51311.47210940864	50994.25280450076	51218.221662458476	50994.25280450076	51389.16054344964	51640.6985044168	51165.19168549192	51069.92985265776	51850.6764518865	51804.06705975309	51389.16054344964	51903.59583795455	51775.4757051735	51078.80152373983	51640.6985044168	51829.41194121151	51293.898710615475	51903.59583795455	51783.348875360854	52598.76633780013	51463.3388272428	51293.898710615475	51725.671542572025	52513.79329964491	52598.76633780013	51829.41194121151	51293.898710615475	51818.62279979933	52598.76633780013	51293.898710615475	51293.898710615475	51640.6985044168	52598.76633780013	51775.4757051735	51293.898710615475	51725.671542572025	52723.77124711461	51389.16054344964	51903.59583795455	51916.03869553943	52677.161854981205
Testudines_ott639666	326	6281.611713	6234.484723	6234.484723	6253.390943	6254.894698	6279.482846	6299.484246	6308.059840	6329.694686	6329.694686	6321.0907162	6299.484246483311	6324.128516483312	6329.694686483312	6329.694686483312	6309.693286483311	6309.693286483311	6324.128516483312	6234.484723445923	6299.484246483311	6253.390943445923	6253.390943445923	6299.484246483311	6234.484723445923	6234.484723445923	6299.484246483311	6324.128516483312	6299.484246483311	6324.128516483312	6253.390943445923	6299.484246483311	6259.405963445923	6272.746013445923	6234.484723445923	6272.746013445923	6329.694686483312	6329.694686483312	6279.482846483311	6299.484246483311	6253.390943445923	6272.746013445923	6299.484246483311	6299.484246483311	6299.484246483311	6234.484723445923	6279.482846483311	6272.746013445923	6299.484246483312	6234.484723445923	6299.484246483311	6234.484723445923	6272.746013445923	6299.484246483311	6329.694686483312	6278.3121834459225	6234.484723445923	6279.482846483311	6234.484723445923	6279.482846483311	6259.405963445923	6299.484246483311	6253.390943445923	6299.484246483311	6278.3121834459225	6279.482846483311	6299.484246483311	6299.484246483311	6253.390943445923	6253.390943445923	6253.390943445923	6272.746013445923	6299.484246483311	6234.484723445923	6259.405963445923	6324.128516483312	6324.128516483312	6279.482846483311	6299.484246483312	6299.484246483311	6234.484723445923	6278.3121834459225	6253.390943445923	6278.3121834459225	6299.484246483312	6299.484246483312	6299.484246483312	6324.128516483312	6272.746013445923	6253.390943445923	6299.484246483311	6234.484723445923	6324.128516483312	6234.484723445923	6299.484246483312	6234.484723445923	6299.484246483311	6299.484246483311	6259.405963445923	6278.3121834459225	6299.484246483311	6253.390943445923	6272.746013445923	6279.482846483311	6279.482846483311	6299.484246483312	6234.484723445923	6309.693286483311	6259.405963445923	6278.3121834459225	6299.484246483312	6259.405963445923	6299.484246483311
Arthropoda_ott632179	1183221	21647572.125255	20359659.295497	20431210.981522	20643238.472542	20772789.911193	22070640.551769	22224713.181003	22299301.487645	22413200.880008	22444621.985415	21163265.7411548	20781546.090502013	21977010.899218127	20823869.997462895	22223576.40782947	22208028.05465108	20397353.69444916	22042858.69162465	22033079.71521123	22173507.771496657	22440676.908417422	21944448.288299996	22267566.854999002	22201790.8979122	22240965.702661786	22232253.028303124	20770503.77570096	20583505.778359305	22301312.33649227	22407170.954458077	22180459.70525956	22129389.89113963	20665352.592706345	20437043.74242134	21785139.30836455	22069211.353453364	22130137.37886282	22247671.230421465	21959697.31185821	20523671.339242764	22321129.50745251	21968159.09626209	22306255.99606297	20490029.27727032	22319892.073589526	22419865.534563854	20822951.825331014	20596841.97841193	22198922.916413177	20844644.27402999	22198545.853514776	20809152.543420006	22174038.833968792	22168438.10848563	22353982.922112018	20516252.106500246	21925381.354573615	22193835.260176484	21965265.58029642	22340844.991366304	20713346.434296783	22340545.377177466	22025144.446565382	22293885.76539355	22299746.89183394	22148177.658869952	20534861.094362646	20774140.680340026	22029955.45540075	20583702.041825384	22289599.838471796	20812490.108257502	20678147.15679702	20480735.54543532	22396042.47859998	22346930.368654355	22072069.750084445	22068937.2606798	22137939.392624766	22126316.849239055	20424764.245791882	22088870.581394777	20714740.01303313	22296963.115654595	20601000.122536276	22444621.98541471	20678144.180464108	22217524.345703214	20778023.16044372	22177118.574797563	20461263.869459618	22181677.900321066	21994001.425835337	20359659.295496505	20580034.66311364	22225092.10539406	20772339.654810585	22316623.333191305	20639026.259177662	22153446.470383704	22183777.618285086	22349771.84590141	20742459.378805224	20704599.3166907	22289062.075988837	21936404.363480173	22157998.539871894	20586933.95643369	22347802.468845032	22170034.705660686	20889222.958777502	22160144.173170652
Pancrustacea_ott985906	1068466	17136492.141953	15876658.751963	15918943.042523	16127572.349168	16259653.959136	17583496.526862	17721134.596412	17752225.154973	17854172.065571	17865259.231303	16627004.566281002	16239634.367346758	17529183.665694714	16284963.453503625	17728183.78688033	17750324.724331282	15896966.656821571	17501995.88274812	17491170.608885847	17725702.033916507	17861442.49046485	17482201.39026822	17688329.666970514	17624314.82541843	17690207.75322335	17736860.407353982	16286978.606986294	16098435.460560782	17759400.613337014	17865259.23130282	17602309.572360724	17590011.170651972	16182352.049172822	15990722.09323006	17338793.970425263	17623361.880790472	17683815.72967154	17752272.98596996	17476696.768324684	16058240.677383846	17743653.43495874	17522357.764082897	17820075.87933086	16004936.215667862	17824349.571372915	17841715.401665017	16337858.763728555	16101443.733960431	17657013.810087793	16266516.884935087	17659167.133027118	16270245.999460736	17690538.72883811	17668051.07085804	17815076.378152743	15977345.562540976	17347231.221674778	17708764.942377962	17479088.233640227	17762694.858467467	16137288.81946688	17798633.65402221	17577317.213041972	17751974.042238295	17722270.81934017	17665177.115336426	16087033.860839233	16291140.136806501	17581103.420371745	16125721.592920195	17748737.029595267	16233252.920229014	16102140.47152889	15938826.439109936	17854130.755444724	17807551.648166697	17585889.633352336	17490809.8715849	17654414.2239101	17679971.511299767	15883879.940972093	17549468.17215911	16172830.906707745	17717725.927626107	16154654.784596989	17854217.724131364	16182601.678247496	17675615.23937783	16330217.422863567	17692048.25699904	16014918.531520331	17605120.723894004	17546195.688255187	15876658.751962984	16097034.119580116	17740673.10419667	16287269.337012058	17777764.92971573	16097114.536022408	17667266.35365159	17700277.513154402	17799011.444285233	16257366.317202765	16221099.211560013	17843212.603325944	17488577.129956763	17712149.067209	16008783.823534854	17797118.419786647	17686509.53694602	16311095.5696826	17675073.85537213
Insecta_ott1062253	984719	14702527.163462	13468145.981326	13528583.772198	13717179.455695	13812033.190343	15149127.506755	15279126.335640	15328841.422526	15381273.289319	15398663.606674	14202083.158038303	13742732.470990948	15152283.121669259	13858465.75620255	15362686.944833344	15299749.147957541	13536435.024845444	15082418.507944152	14993948.416811178	15264771.394587444	15361523.902180355	15113240.98697929	15184198.652018499	15200020.322052732	15278073.6700328	15367665.418426488	13918880.208714457	13645353.950152256	15336300.221663121	15363926.163376963	15183574.01432987	15177430.622052483	13807848.436600097	13617731.84081242	14968590.473689219	15243813.674723146	15311143.929436028	15290478.532248665	15025451.08574303	13685899.27647231	15244921.945319612	15145971.891841022	15365708.742597338	13550380.732829371	15374206.219241325	15344038.617537009	13895308.438518548	13642840.195392197	15244781.498044185	13843506.284433397	15238735.682310473	13846444.58143414	15235422.283539739	15213932.125766806	15398663.606674	13564451.152914273	14935028.584875133	15254202.120082034	15016511.155474644	15343267.234060446	13716550.420946198	15386316.784824405	15111135.560913151	15328853.346564401	15216322.27528622	15214686.04006494	13633836.100938266	13925412.448069688	15118841.929981133	13672739.131630301	15328778.82132189	13735807.405188631	13599735.79393234	13519906.071902948	15349744.145590551	15305678.08320211	15121529.945708334	14992979.079852497	15188100.229917219	15225255.795705598	13468145.98132564	15132916.825047402	13757427.499747843	15295377.149283824	13782307.927916763	15350826.353168992	13733189.15409	15263279.745410426	13883769.985682882	15312615.315923436	13642116.22085482	15111049.714472244	15176484.492250817	13508054.579661049	13720481.888128828	15291149.498965284	13824587.451569784	15279477.224175137	13677295.881722508	15214164.273789007	15249301.615371712	15375558.340244792	13877741.045458967	13759843.181024136	15396419.928953253	15125308.417881351	15256915.789525123	13585530.296424834	15376710.126718204	15235449.835035257	13806519.682892023	15220503.420407107
Coleoptera_ott865243	286850	5067776.646653	3990388.330467	3991666.431096	4029976.109794	4132680.174034	5554757.513905	5629310.441262	5632075.657862	5641046.041500	5642628.477846	4756642.686913299	3992289.144258692	5575734.272570988	4133579.51874392	5628939.141617528	5641031.68424949	3991990.6172337476	5545029.279272389	5631686.108509777	5541658.293513107	5641061.91004086	5508607.701887168	5542060.175498621	5565454.01113826	5540881.172271206	5632087.99049529	4208581.306666452	4027535.0127330064	5627837.2173489705	5632866.006633335	5626562.747527837	5641061.91004086	4104248.69007086	3991922.2983395606	5540470.088405672	5632788.032778335	5632010.911536434	5618217.4467864325	5628066.553781908	4009313.9603652405	5617517.404503388	5618619.328771946	5633189.914763848	4097650.754215426	5613968.340343412	5613348.244513232	4140933.080166251	4193820.5936805047	5536657.650941144	4130134.3331743805	5640707.379090076	4172896.8234871626	5631686.108509776	5529351.479073136	5635762.185253184	4042791.869366453	5555107.761297061	5632087.990495289	5504285.729094657	5561819.771530622	4175208.684559758	5621325.758040659	5554407.26651288	5632010.911536434	5563074.546292572	5596501.913507959	4018291.813684425	4163386.869524449	5631644.065617302	4018313.1724954196	5632010.911536434	3992938.1739269	3992465.2539535114	3990755.176385733	5629303.140674681	5632866.006633335	5618619.328771946	5632716.609299457	5541572.01267423	5555822.509376332	3992832.0998726427	5509219.214917956	3991383.630458014	5632454.836414422	4126235.302469778	5586623.272268539	4105705.7435752745	5547391.135750433	4127082.696290595	5627305.914487263	3990388.330466602	5629312.874790969	5536690.4125080025	4018291.813684425	4010219.474165918	5642628.477845771	4104827.946368614	5619445.817634056	3992996.3636528263	5618619.328771946	5551572.621690867	5632010.911536433	4169715.069435338	4171421.3447420206	5632087.990495291	5633189.914763848	5631686.108509777	3992026.818690366	5632866.006633335	5626195.9016087055	4132380.39246367	5612623.433095449
Lepidoptera_ott965954	182580	1386417.707654	1265044.882329	1267222.926163	1277031.998243	1280541.974400	1338913.780626	1513703.098595	1521783.454651	1522649.734454	1522701.804366	1323880.4494912012	1512990.8838044095	1278799.4477433704	1337070.2738358385	1522618.4959362214	1522646.19012961	1346607.5313154513	1285291.6647509902	1270251.999326933	1345389.0024867957	1345660.5216560499	1267350.8732842386	1273538.495169866	1278833.567235478	1507290.643246342	1331396.9766198308	1521826.8977181455	1521555.378548892	1337044.6960610466	1330429.1877456375	1338913.7806262833	1277031.9982426653	1522584.376444114	1515765.652982196	1338320.2744996208	1278931.9316624948	1331376.1974050393	1340216.7311548265	1285309.9023659902	1330449.9669604297	1513222.8453531426	1278931.9316624945	1522260.225727708	1339860.790285685	1522645.0768596102	1522701.8043661092	1513002.6570344092	1339860.790285685	1507365.7465501782	1337058.5006058384	1270570.5809269447	1331385.203389831	1521911.3194180334	1338914.8938962833	1513752.0605620623	1277031.998242665	1270106.9143120365	1521950.9614953313	1267427.8332489578	1522495.4685954857	1331847.8198843165	1512981.8778196177	1340090.4408376412	1270556.7763821532	1340215.6178848268	1265044.88232922	1521555.3785488917	1522653.6518647785	1267081.5109243537	1513556.212692315	1278841.316360668	1513995.0594103786	1285331.3068282877	1277031.9982426653	1337378.0634002192	1330442.9922904298	1278958.744282663	1277027.199682665	1337872.1984803434	1330902.8415397068	1270565.7823669447	1522241.9881127083	1522587.1971673123	1330583.278745326	1267426.719978958	1521466.4707002637	1522260.225727708	1512990.8838044095	1522654.7651347786	1346336.0121461973	1330595.0519753261	1277023.9355408303	1507816.551903251	1278856.0849677753	1338913.7806262835	1513147.7420493064	1340090.4408376415	1513147.7420493062	1330595.0519753261	1513236.6498979342	1515783.8905971958	1336913.415590942	1345389.002486796	1267435.294984126	1522282.7434600058	1278816.442890478	1515032.0041870489	1265503.7503841282	1331385.2033898307	1515120.912035677	1330909.816209707	1522299.867805006
Diptera_ott661378	166902	2214766.861455	2142170.189469	2142170.189469	2148414.481881	2148432.387107	2176955.248180	2285891.828710	2293642.598050	2293660.503276	2293660.503276	2174918.1717439997	2176955.2481799135	2263073.3363022674	2293660.5032758163	2176955.248179914	2148414.4818809535	2176937.34295391	2176937.34295391	2142188.0946948333	2263317.1019463167	2293642.598049813	2293642.5980498125	2263073.3363022674	2293416.7376317666	2176937.34295391	2293660.5032758163	2148432.3871069574	2148432.387106957	2293642.598049813	2293642.598049813	2263317.101946317	2176937.3429539106	2148432.3871069574	2142188.0946948337	2148414.4818809535	2263317.101946317	2293416.7376317666	2263091.2415282703	2148432.3871069574	2293660.5032758163	2148432.3871069574	2263317.101946317	2142170.1894688294	2142188.0946948337	2176955.248179914	2142188.0946948333	2176955.248179914	2142188.0946948333	2176937.34295391	2293660.5032758163	2293416.737631767	2293642.5980498134	2142188.0946948333	2293660.5032758163	2176937.34295391	2176937.34295391	2142188.0946948333	2148414.4818809535	2263073.3363022674	2176937.34295391	2263073.3363022674	2176937.34295391	2263317.101946317	2293416.737631766	2263091.2415282703	2293660.5032758163	2142170.1894688294	2176955.248179914	2263073.336302267	2148414.4818809535	2293416.737631766	2142170.1894688294	2263091.2415282708	2176937.3429539106	2293660.5032758163	2293642.598049813	2263317.1019463176	2142170.18946883	2263317.1019463167	2293660.5032758163	2176937.34295391	2148432.3871069574	2176937.34295391	2263091.241528271	2293660.503275817	2176955.248179914	2148414.4818809535	2176937.34295391	2176937.34295391	2263317.101946317	2293416.737631767	2176937.34295391	2148414.4818809535	2142188.0946948333	2263317.1019463167	2148432.3871069574	2263317.101946317	2148414.481880954	2293416.737631767	2142188.0946948333	2148414.4818809535	2293416.7376317666	2263073.336302267	2263317.1019463167	2176955.248179914	2176937.34295391	2142188.0946948333	2293642.5980498125	2293642.5980498125	2142188.0946948333	2293642.598049813	2142170.18946883
Hymenoptera_ott753726	142385	1623886.722236	1608441.076022	1610276.246354	1615876.290233	1619464.326070	1623804.509031	1628178.481335	1631080.957330	1636985.963230	1641304.506257	1622106.1966915005	1622704.6617210486	1619023.287783586	1610256.5998541687	1633131.113154823	1622789.7949447338	1626482.1015931522	1620972.7641958466	1631626.3030330467	1625039.6920440455	1610230.1122867337	1619049.4734973079	1619943.6851667694	1624017.2295829589	1615652.6636836124	1620817.0355292538	1638535.0678815823	1622254.8469885946	1610294.02175863	1618461.2991882646	1619951.022145913	1623309.981752456	1628713.4816454262	1629170.8402170911	1619746.0157692998	1626297.975179284	1613013.0890845435	1626934.1890596875	1630944.314879298	1615626.5270284647	1635728.259294224	1629863.6470620548	1614974.8098537633	1633933.1589630614	1625866.2340264108	1620954.2541219615	1615203.7119957942	1626328.7692461745	1619941.4920989873	1613855.7046550405	1612999.4172134947	1612901.1660823913	1619842.0371490004	1613222.692499736	1619447.0242753823	1627098.1728765983	1621376.6805215897	1619283.5481956585	1626203.8796526575	1629031.1585567882	1620771.174729494	1627873.610302148	1625568.615547224	1624317.4103637817	1614907.050296673	1627294.711813205	1617050.3296162076	1627642.8929085697	1618680.0610481433	1633608.013337749	1619165.5375281465	1641304.5062569927	1628191.8204763061	1623515.5117640162	1623739.8060118128	1626640.1095755696	1623325.1555679208	1623344.3206976538	1630148.0530446921	1619516.23145529	1628409.3249055904	1631158.7305440411	1636618.1716977237	1623426.998383773	1626130.4631519685	1631106.9844632267	1631965.7310132757	1627050.88750389	1622398.1133622334	1635765.7602309564	1618762.1408236003	1627972.3390967639	1623869.2120503848	1621992.7319085796	1629187.803655975	1626280.5640443882	1625959.1718182727	1637392.4696606372	1632707.9719073556	1625426.8439718485	1632011.1785067164	1612131.127980436	1619838.0856597652	1615240.7951898035	1627359.8110808015	1628138.4639128326	1624767.5817402366	1608441.0760221581	1615423.3221771505	1635778.9201924112	1620017.4690118975	1631959.294332642
Hemiptera_ott603650	103698	2238377.772342	2165314.146693	2219663.090251	2224883.180084	2224906.964070	2230311.390315	2245195.842035	2262844.828509	2275395.780897	2276347.886312	2165314.1466926998	2242433.627039382	2224906.9640702	2245064.920670041	2228469.6644210094	2240715.242432509	2228469.6644210094	2245195.842034771	2226748.6899641366	2276347.8863121346	2223404.4054521066	2224231.2921203957	2274500.5519231977	2235701.9888967923	2226730.514473265	2245064.9206700404	2221326.088228518	2219661.7305797096	2225246.131346044	2245070.5291650407	2224904.3742202	2245195.842034771	2221326.0882285186	2262844.8285094434	2224906.9640702	2262844.8285094434	2235701.9888967923	2266984.954538886	2219661.7305797096	2235701.988896792	2219664.32042971	2262844.8285094434	2275395.7808974767	2262844.8285094434	2224883.180084328	2273548.44650854	2243348.5076458342	2262844.8285094434	2230311.3903149464	2223404.405452107	2226073.0180143327	2226073.0180143323	2226748.689964137	2237549.323285729	2243348.5076458342	2242436.216889382	2262842.238659444	2219664.32042971	2261003.1026155064	2243348.5076458342	2224906.9640702	2244275.3529333184	2226746.1001141365	2230311.3903149464	2265137.6201499496	2224231.292120395	2262844.8285094434	2224883.1800843286	2226748.689964137	2240715.2424325095	2230311.3903149464	2273554.0550035397	2265143.2286449494	2245195.842034771	2223404.4054521066	2230311.3903149464	2224906.9640702	2224906.9640702	2224906.9640702	2224231.2921203957	2230311.390314946	2226748.6899641366	2226730.514473265	2266979.346043886	2223404.4054521066	2224883.180084328	2226748.6899641366	2230311.390314946	2224883.180084328	2261003.1026155064	2228469.664421009	2228469.6644210094	2238873.5165385725	2275395.7808974767	2274506.160418198	2238873.5165385725	2274500.5519231977	2240715.242432509	2235707.597391792	2224906.9640702	2223167.8141224557	2228469.6644210094	2276342.2778171347	2265137.6201499496	2226724.905978265	2230308.8004649463	2262842.238659444	2224231.2921203957	2228469.6644210094	2224906.9640702	2226073.0180143323	2224906.9640702
Orthoptera_ott1095594	28267	475190.801952	456613.403886	456613.403886	456950.630064	460054.322385	460227.662950	480819.681803	482417.310350	559493.233321	559590.175596	466271.7592102	456613.4038860898	559493.233321182	482417.31034958	460175.23203022	460054.32238456316	456734.3135317465	460054.32238456316	460130.7206752016	482514.2526245074	479365.610336098	479365.61033609795	482417.3103495799	480838.49830882566	456613.4038860897	482417.3103495799	460151.2646594907	458086.29185881745	479365.610336098	482417.3103495799	479290.3443145148	460054.32238456316	460054.32238456304	460130.7206752016	456689.80217672826	559493.233321182	479365.610336098	482514.2526245075	456613.4038860897	482417.31034958	456613.40388608974	480763.2322872424	460151.2646594907	460227.6629501292	460151.2646594907	458086.29185881745	456613.4038860898	460227.66295012925	456734.3135317465	482417.3103495799	479365.610336098	482417.31034957996	460227.66295012925	479365.610336098	460054.32238456316	460054.32238456316	460130.7206752016	456613.4038860897	479290.3443145148	460054.32238456304	479290.34431451466	456613.4038860898	480763.2322872424	559493.233321182	480838.4983088257	479365.610336098	458162.6901494559	460151.2646594908	480763.2322872424	460151.2646594908	559493.233321182	460151.2646594908	479365.610336098	460054.32238456316	479365.610336098	479346.9403730454	480763.23228724237	460227.6629501292	559590.1755961096	479365.61033609795	460175.23203021986	460227.66295012925	456613.4038860898	479365.610336098	482417.3103495799	460054.32238456316	460130.7206752016	456734.3135317465	460054.32238456316	559590.1755961095	479346.9403730454	456734.3135317465	456613.4038860897	460151.2646594907	482514.2526245075	458086.29185881733	482514.2526245075	456613.4038860897	479365.610336098	458162.69014945586	460054.32238456316	559493.233321182	480838.49830882566	482514.2526245076	456613.4038860897	460175.23203021986	456689.80217672826	482417.31034957996	559493.2333211818	460130.72067520156	482417.31034957996	458162.6901494559
Trichoptera_ott457402	13993	281540.803577	277919.858288	281274.909100	281346.972015	281358.764215	281480.482508	281714.148175	281847.000498	282300.342799	282300.342799	277919.8582884	281536.13456972747	281847.0004983187	281454.65571686666	281536.13456972747	281346.97201507003	281346.97201507003	281480.48250793084	281360.8985942705	281274.9090996337	282300.3427989277	281454.65571686666	281358.76421507006	282300.3427989277	281536.13456972747	282300.3427989277	281275.56726956845	281275.56726956845	281454.65571686666	281454.65571686666	281847.0004983187	281536.13456972747	281714.1481753927	281360.8985942705	281346.97201507003	281274.9090996337	282300.3427989277	281274.9090996337	281714.1481753927	282166.8323060669	281714.1481753927	281358.76421507006	281369.41105882	281932.9899929556	281714.1481753927	281819.7003272363	281536.13456972747	281932.9899929556	281346.97201507003	281588.16620972747	281399.00365507003	281454.6557168667	281532.62112772884	282166.8323060669	281536.13456972747	281480.48250793084	281494.40908713127	281480.48250793084	281358.76421507006	281536.13456972747	281358.76421507006	281480.4825079308	281358.76421507006	281454.65571686666	281274.9090996337	282300.3427989277	281380.97045007005	281714.1481753927	281847.0004983187	281714.1481753927	281588.16620972747	281915.10077683	281358.76421507006	281536.13456972747	281454.65571686666	281454.65571686666	281847.0004983187	281369.41105881997	281274.9090996337	282166.8323060669	281346.97201507003	281714.1481753927	281480.48250793084	281713.49000545795	281454.6557168667	281714.1481753927	281714.1481753927	281346.97201507003	281714.1481753927	281274.9090996337	282166.8323060669	281714.1481753927	281714.1481753927	281360.8985942706	281358.76421507006	281714.1481753927	281847.0004983187	281275.56726956845	281399.00365507003	281852.80378863454	281346.97201507003	281399.00365507003	281274.9090996337	281847.0004983187	281536.13456972747	281714.1481753927	281360.8985942706	281399.00365507003	281454.65571686666	281280.7123899495	281454.65571686666	281262.37874657183
Odonata_ott133665	6314	121895.562288	121272.777729	121339.541165	121382.009587	121424.459640	121593.500308	122410.215640	122680.744316	122720.569259	122720.569259	121272.77772909998	121382.00958735874	122700.07536468975	121424.45963974431	122410.21563953764	121334.91671416645	121869.40463012086	121360.60114557046	122700.07536468975	122139.62347333258	121593.50030817225	121424.45963974431	121580.33893237819	121593.50030817225	121360.60114557046	121593.50030817225	121529.6418139984	121551.05025578669	121424.45963974431	121424.45963974431	122700.07536468975	121360.60114557046	121529.6418139984	122720.56925907846	121869.40463012086	122720.56925907846	121593.50030817225	122139.62347333258	121551.05025578669	121593.50030817225	121551.05025578669	122161.28471812406	121580.33893237819	122720.56925907846	121529.6418139984	122139.62347333258	121360.60114557046	122720.56925907845	121869.40463012086	121424.45963974431	121343.72519237819	121424.45963974431	122700.07536468975	121593.50030817225	121360.60114557046	121382.00958735874	122720.56925907846	121382.00958735874	122161.28471812406	121360.60114557046	121869.40463012087	121382.00958735874	121869.40463012086	122410.21563953764	122139.62347333258	121593.50030817225	122161.28471812405	121529.6418139984	122700.07536468975	121551.05025578669	122410.21563953764	122139.62347333258	121580.33893237819	121360.60114557046	121424.45963974431	122410.21563953764	122700.07536468975	121869.40463012086	122700.07536468975	121593.50030817225	121869.40463012086	122579.25630796558	121360.60114557046	122139.62347333258	121424.45963974431	121529.64181399842	122579.25630796558	121869.40463012086	121529.6418139984	122720.56925907845	122579.25630796558	122579.25630796558	121551.05025578669	122139.62347333258	121580.33893237819	121551.05025578669	122139.62347333258	121551.05025578669	121343.72519237819	122700.07536468975	121313.50827237818	121869.40463012086	122139.62347333258	122139.62347333258	121360.60114557046	122579.25630796558	122720.56925907846	121343.72519237819	122410.21563953764	122700.07536468975	121424.45963974431	122700.07536468975
Malacostraca_ott212701	48796	947459.530499	903970.564975	904691.936029	905260.503287	905460.080217	925484.747141	990063.943330	991340.726607	991547.440213	991746.336169	940710.9229773001	986749.6985691638	906069.8714026366	907956.7825613725	910059.6693930771	987432.1805895354	905942.6967055639	909246.7208729894	986749.6985691636	990063.8561681476	985268.3866817617	906268.9641020091	989445.9778436414	909446.2978034065	905260.5032868948	906073.4518069825	904590.0373883836	990063.8561681478	905260.5032868948	986749.6985691637	903970.5649752779	905260.5032868948	910258.5713054177	905944.4602750294	906270.9262062027	904782.8384772891	909930.677861124	990258.2513456527	987561.9720711748	906069.8714026368	990935.4930856753	904783.5134953657	991418.1095739274	991545.2842710003	991545.2842710003	990735.9161552583	987432.1805895356	991548.1896572695	905260.5032868948	905133.6171915246	905260.5032868948	905260.5032868948	991746.3361691801	991418.1095739275	905460.0802173117	905260.5032868948	905260.5032868948	991545.1680555497	991417.9139445855	909246.7208729893	905260.5032868948	905460.0802173117	991418.3981756301	905260.5032868948	990609.0300598881	987435.0859758047	990063.9723835982	909932.1082796304	991544.8000399556	986079.2326706527	905260.5032868948	990609.0300598881	986949.2754995808	905260.5032868948	986622.8124737934	986749.6985691637	990063.6837818956	990735.9161552583	991546.7621441493	991546.7621441493	905260.5032868948	909246.7208729893	905260.5032868948	907765.4089855874	906071.3492757857	989445.9778436414	986269.1283732889	905460.0802173117	991744.7449859667	908574.6608858788	910057.5668618805	986749.6985691637	906269.3321176032	904782.8384772891	904591.4649015039	986363.7620337664	991418.2819601796	990609.0300598881	905133.6171915246	990063.6837818957	987560.5416526686	905460.0802173117	908766.1506771145	990065.4473513612	991421.3035618993	908574.7771013294	991421.3035618993	905260.5032868948	905260.5032868948	987560.5445580545	986622.8124737936	991418.2819601796
Copepoda_ott461528	15764	783876.260216	758782.800820	758787.422959	758903.612282	759247.949405	762335.081709	812211.669995	812564.974231	815652.106535	815652.106535	785906.4658952003	812108.6297198004	758894.6451693831	812873.6874614473	759619.9215388482	758894.6451693826	758791.6048938963	815652.1065353475	815652.1065353478	758903.6122819651	812099.8256456291	758782.8008197251	812108.6297198002	812108.6297198007	812220.6371078689	759619.9215388487	759251.5362501427	758903.6122819654	812108.6297198005	812108.6297198004	812211.6699952872	812564.9742310143	759556.6626355434	762335.0817094437	759251.5362501428	762335.0817094437	759247.9494051103	759556.6626355428	759556.6626355432	762335.0817094436	812873.6874614473	759619.9215388485	758791.6048938966	758894.6451693834	762335.0817094437	812211.6699952878	758894.6451693831	762335.0817094436	812099.8256456298	812220.6371078686	812564.9742310138	812873.6874614474	759247.9494051106	758791.6048938963	812873.6874614474	812873.6874614472	812211.6699952871	758903.6122819652	758782.8008197251	812211.6699952873	812873.6874614476	812108.6297198008	762335.0817094436	812108.6297198002	812568.5610760465	759556.6626355432	758894.6451693831	759556.6626355426	758782.8008197253	762335.0817094432	812220.6371078693	812108.6297198009	812936.9463647521	815652.1065353481	812108.6297198009	812564.9742310138	762335.0817094435	812220.6371078688	762335.0817094435	759251.5362501432	815652.1065353476	812568.5610760468	812099.8256456295	812108.6297198005	762335.0817094437	815652.1065353473	758894.6451693828	812099.8256456293	758903.6122819653	758903.6122819652	759251.536250143	812564.9742310144	758903.6122819652	759556.6626355434	759556.662635543	758791.6048938967	758903.6122819654	812936.9463647519	812108.6297198007	758791.6048938965	759247.9494051103	812211.6699952877	758894.6451693831	759247.9494051103	759556.6626355429	758894.6451693833	759556.6626355428	812211.6699952872	812568.5610760474	759251.5362501428	812220.6371078689	758903.6122819653
Branchiopoda_ott632175	2468	80870.365883	79721.987075	79721.987075	79721.987075	79721.987075	80146.196721	82073.463357	82073.463357	82093.767357	82093.767357	81061.63267359999	82073.46335706883	79721.98707494768	81997.37235045139	79721.98707494768	79721.98707494767	79721.98707494768	81997.37235045139	81997.37235045138	79721.98707494768	82073.46335706883	80146.19672133704	82073.46335706882	82073.46335706883	81997.37235045138	79721.98707494768	79721.98707494768	79721.98707494768	82073.46335706883	81997.37235045139	82073.46335706883	82093.76735706882	80146.19672133705	80146.19672133704	80146.19672133705	80146.19672133704	79721.98707494767	79721.98707494768	79721.98707494768	80146.19672133704	82073.46335706883	79721.98707494768	79721.98707494768	79721.98707494765	80146.19672133704	82073.46335706883	80146.19672133705	80146.19672133704	82093.76735706883	81997.37235045139	82093.76735706883	81997.37235045138	79721.98707494768	80146.19672133704	82093.76735706882	82093.76735706883	82073.46335706883	79721.98707494768	80146.19672133705	81997.37235045139	82093.76735706882	82093.76735706883	80146.19672133705	82093.76735706885	82073.46335706883	79721.98707494768	79721.98707494768	80146.19672133704	79721.98707494768	80146.19672133704	81997.37235045139	82073.46335706883	81997.37235045139	81997.37235045139	81997.37235045139	82073.46335706882	79721.98707494768	82093.76735706883	80146.19672133705	80146.19672133704	81997.37235045139	82073.46335706882	82073.46335706883	81997.37235045139	80146.19672133704	82093.76735706883	79721.98707494768	81997.37235045138	79721.98707494768	79721.98707494765	79721.98707494768	82093.76735706883	80146.19672133704	79721.98707494768	80146.19672133704	79721.98707494767	80146.19672133705	82073.46335706883	82073.46335706883	79721.98707494768	79721.98707494768	82093.76735706882	79721.98707494767	79721.98707494768	79721.98707494768	79721.98707494768	79721.98707494768	82093.76735706883	82093.76735706883	79721.98707494768	82073.46335706883	79721.98707494768
Chelicerata_ott1041457	96446	3616578.113928	3592066.176048	3594210.032280	3594726.708630	3596203.630389	3631358.511118	3633446.779789	3634377.546194	3644744.587681	3648720.163827	3592066.1760476995	3597227.8355118395	3596203.6303888718	3594232.7846658533	3643741.0897083525	3606050.2642227616	3648720.163827427	3596182.1995706176	3597225.2036569654	3596182.1995706176	3634550.5152841513	3610580.106303484	3634553.3003850724	3632798.0183803514	3606047.820357523	3643741.0897083525	3631906.5394051266	3633446.7797889886	3597227.8355118395	3597227.8355118395	3633469.4584679194	3594703.0971317384	3631383.855536486	3594703.097131739	3594726.7086297465	3594232.7846658533	3594703.0971317384	3643746.6002294626	3631383.855536486	3613754.54312438	3632798.0183803504	3594184.884907156	3634553.300385073	3633469.4584679194	3643889.436119575	3633469.4584679194	3633469.4584679194	3643746.600229463	3597225.2036569654	3633446.7797889886	3594703.097131738	3594232.7846658537	3631881.553071145	3648720.163827427	3594232.784665854	3594232.7846658533	3633469.4584679194	3633446.7797889886	3634550.5152841513	3633469.4584679194	3631383.855536486	3597227.8355118395	3596203.6303888718	3597227.835511839	3632798.018380351	3631383.855536486	3596203.6303888718	3631383.8555364865	3597225.2036569654	3606327.1090369015	3596182.1995706176	3634553.300385073	3631333.166699715	3597225.2036569654	3597227.8355118395	3594703.0971317384	3634553.3003850724	3633446.7797889886	3631906.539405126	3594726.708629747	3596203.6303888718	3594726.7086297465	3597225.2036569654	3634553.300385073	3594726.7086297465	3645689.7551955543	3643889.436119575	3597225.203656965	3596182.1995706176	3633446.779788989	3594726.7086297465	3631881.5530711454	3596182.1995706176	3631383.855536486	3631383.855536486	3632798.0183803514	3633446.7797889896	3594184.884907156	3597227.8355118395	3634553.300385073	3631881.553071146	3606050.264222762	3633469.4584679194	3631881.553071145	3594232.7846658533	3596203.6303888718	3594232.7846658537	3633469.4584679194	3605974.6923899683	3631906.539405126	3633446.7797889886	3633446.7797889886
Myriapoda_ott177526	18309	894428.608366	851549.023147	851549.023147	851549.023147	851549.023147	851549.023147	944617.227623	944617.227623	944617.227623	944617.227623	944129.3096047001	944617.2276234173	851549.0231470384	944617.2276234175	851549.0231470384	851549.0231470383	851549.0231470383	944617.2276234173	944617.2276234173	851549.0231470383	944617.2276234174	851549.0231470383	944617.2276234173	944617.2276234173	944617.2276234173	851549.0231470383	851549.0231470383	851549.0231470384	944617.2276234172	944617.2276234173	944617.2276234173	944617.2276234175	851549.0231470383	851549.0231470383	851549.0231470384	851549.0231470383	851549.0231470384	851549.0231470383	851549.0231470384	851549.0231470384	944617.2276234173	851549.0231470384	851549.0231470384	851549.0231470383	851549.0231470383	944617.2276234172	851549.0231470384	851549.0231470383	944617.2276234173	944617.2276234173	944617.2276234173	944617.2276234173	851549.0231470383	851549.0231470384	944617.2276234173	944617.2276234173	944617.2276234173	851549.0231470384	851549.0231470383	944617.2276234174	944617.2276234173	944617.2276234173	851549.0231470383	944617.2276234173	944617.2276234173	851549.0231470383	851549.0231470384	851549.0231470384	851549.0231470384	851549.0231470384	944617.2276234173	944617.2276234173	944617.2276234173	944617.2276234175	944617.2276234173	944617.2276234172	851549.0231470383	944617.2276234173	851549.0231470383	851549.0231470383	944617.2276234175	944617.2276234173	944617.2276234174	944617.2276234173	851549.0231470384	944617.2276234175	851549.0231470384	944617.2276234173	851549.0231470384	851549.0231470384	851549.0231470384	944617.2276234174	851549.0231470383	851549.0231470383	851549.0231470383	851549.0231470384	851549.0231470383	944617.2276234175	944617.2276234174	851549.0231470384	851549.0231470384	944617.2276234173	851549.0231470384	851549.0231470383	851549.0231470384	851549.0231470383	851549.0231470384	944617.2276234173	944617.2276234175	851549.0231470384	944617.2276234173	851549.0231470384
Mollusca_ott802117	88048	2928792.369958	2904739.624397	2904739.624397	2904782.294326	2904954.167630	2951546.372675	2951588.865497	2951767.721517	2952010.753866	2952010.753866	2908086.5063368003	2951546.3726747073	2951582.1858637026	2952010.7538663275	2952006.1494541373	2904773.646635896	2951546.372674707	2904782.294325566	2951548.516474967	2904782.2943255664	2951548.5164749674	2904741.694343281	2904739.624396618	2904739.624396618	2904782.294325566	2952006.1494541373	2904954.16762997	2904782.294325566	2951546.372674707	2951546.372674707	2951582.1858637026	2951774.7027579416	2905189.7924635755	2904960.953158896	2904954.16762997	2952010.7538663275	2904960.953158896	2952010.7538663275	2905189.792463575	2951582.1858637026	2905189.792463575	2952006.1494541373	2951546.372674707	2951582.1858637026	2951582.1858637026	2951582.1858637026	2951582.1858637026	2952010.7538663275	2904791.700728373	2951591.0920409607	2904960.953158896	2905189.792463575	2904960.953158896	2951546.372674707	2952010.7538663275	2952010.7538663275	2951582.185863702	2951591.09204096	2951548.516474967	2951636.1481326525	2952010.7538663275	2904739.624396618	2904827.608904846	2951546.372674707	2904954.16762997	2905189.792463575	2904773.646635896	2952010.7538663275	2951548.516474967	2951767.7215169845	2951591.0920409607	2904739.624396618	2952006.1494541373	2951548.516474967	2951546.372674707	2904960.9531588955	2904789.7699322486	2904782.294325566	2904954.16762997	2904954.16762997	2951582.1858637026	2951767.7215169845	2904741.694343281	2951546.372674707	2904954.16762997	2904835.943721161	2904773.646635896	2951548.516474967	2951591.0920409607	2904782.294325566	2904954.1676299693	2904960.9531588955	2904782.294325566	2905189.792463575	2905189.792463575	2904739.624396618	2951591.09204096	2952006.1494541373	2904739.624396618	2904739.624396618	2904960.953158896	2951582.1858637026	2904827.6089048455	2951774.702757941	2952010.753866328	2904773.646635896	2905189.792463575	2951582.1858637026	2904954.16762997	2904954.16762997	2951591.09204096	2951591.0920409607
Platyhelminthes_ott555379	25209	1047937.550322	1043208.647995	1043208.647995	1043268.651557	1044791.197038	1049599.666141	1051530.324673	1052213.988215	1052224.173251	1052224.173251	1047207.7676595999	1052224.1732512654	1049639.7483612304	1043268.6515570775	1043208.647994767	1049639.7483612304	1052224.1732512657	1049599.666141297	1052160.5167774772	1049599.666141297	1052160.5167774772	1052160.5167774772	1052224.1732512657	1052224.1732512657	1049599.666141297	1043208.6479947671	1044791.197037857	1049599.666141297	1052224.1732512657	1052224.1732512657	1049639.7483612301	1044815.8691612817	1043268.6515570774	1044815.8691612819	1044791.1970378568	1043268.6515570774	1044815.8691612817	1043268.6515570774	1043268.6515570774	1049639.7483612304	1043268.6515570774	1043208.6479947671	1052224.1732512657	1049639.7483612301	1049639.7483612301	1049639.7483612301	1049639.7483612304	1043268.6515570774	1052160.5167774772	1049599.666141297	1044815.8691612816	1043268.6515570775	1044815.8691612817	1052224.1732512654	1043268.6515570773	1043268.6515570774	1049639.7483612304	1049599.666141297	1052160.5167774772	1049639.7483612304	1043268.6515570777	1052224.1732512657	1049639.7483612301	1052224.1732512654	1044791.1970378568	1043268.6515570777	1049639.7483612301	1043268.6515570774	1052160.516777477	1044791.1970378566	1049599.666141297	1052224.1732512654	1043208.6479947672	1052160.516777477	1052224.1732512657	1044815.8691612817	1052224.1732512657	1049599.666141297	1044791.1970378567	1044791.1970378568	1049639.7483612301	1044791.1970378568	1052160.516777477	1052224.1732512654	1044791.1970378567	1049599.666141297	1049639.7483612304	1052160.516777477	1049599.666141297	1049599.6661412972	1044791.1970378567	1044815.8691612816	1049599.6661412972	1043268.6515570774	1043268.6515570774	1052224.1732512657	1049599.666141297	1043208.6479947672	1052224.1732512654	1052224.1732512657	1044815.8691612817	1049639.7483612301	1049639.7483612304	1044815.8691612816	1043268.6515570774	1049639.7483612304	1043268.6515570777	1049639.7483612304	1044791.1970378567	1044791.1970378568	1049599.666141297	1049599.666141297
Annelida_ott941620	22978	1118472.538589	1022064.149836	1022120.606693	1120437.781042	1123367.807164	1128168.768387	1135568.187732	1136326.087720	1139291.672375	1139291.672375	1130042.9443415997	1139291.672374553	1120437.7810418631	1130954.509739191	1022064.1498362948	1120437.7810418631	1139291.672374553	1124368.1120172783	1136326.0877203674	1124368.1120172783	1136326.0877203674	1136326.0877203678	1139291.672374553	1139291.6723745528	1124368.1120172783	1128168.7683871049	1126778.3445254974	1124368.112017278	1139291.672374553	1139291.672374553	1120437.7810418631	1135568.1877321762	1130954.5097391908	1135568.1877321764	1126778.3445254974	1130954.509739191	1135568.1877321764	1022092.2703338165	1022092.2703338166	1120437.7810418631	1130954.509739191	1128168.768387105	1139291.672374553	1022148.0404711167	1120437.7810418631	1120437.7810418631	1120437.7810418631	1130954.5097391908	1139041.3185184745	1124368.1120172783	1135568.1877321762	1130954.5097391908	1135568.1877321764	1139291.672374553	1130954.5097391908	1130954.5097391908	1120437.7810418631	1124368.1120172783	1136326.0877203678	1123367.8071638532	1130954.5097391908	1139291.672374553	1025078.0665931061	1139291.6723745528	1126778.3445254976	1130954.5097391908	1120437.7810418631	1130954.5097391908	1136326.0877203678	1126778.3445254974	1124368.1120172783	1139291.6723745528	1128168.768387105	1136326.0877203678	1139291.672374553	1135568.187732176	1026289.2499115028	1124368.1120172783	1126778.3445254979	1126778.3445254976	1120437.7810418631	1126778.3445254979	1136326.0877203678	1139291.672374553	1022805.8069101472	1025059.2821756	1120437.7810418631	1136326.0877203678	1124368.1120172783	1022146.2443515143	1126778.3445254976	1135568.1877321762	1124368.1120172783	1130954.5097391908	1130954.5097391908	1023566.4635616667	1124368.1120172783	1128168.768387105	1139291.672374553	1139291.672374553	1135568.1877321764	1120437.7810418631	1123367.807163853	1022817.3694300865	1130954.509739191	1120437.7810418631	1130954.509739191	1120437.7810418631	1126778.3445254976	1126778.3445254979	1124368.1120172783	1124368.1120172783
Nematoda_ott395057	19802	922599.420436	922599.420432	922599.420436	922599.420436	922599.420436	922599.420436	922599.420436	922599.420436	922599.420436	922599.420436	922599.4204316004	922599.4204355608	922599.420435561	922599.420435561	922599.4204355609	922599.4204355609	922599.420435561	922599.4204355609	922599.420435561	922599.420435561	922599.4204355609	922599.4204355609	922599.4204355609	922599.4204355609	922599.4204355609	922599.4204355609	922599.420435561	922599.420435561	922599.420435561	922599.420435561	922599.4204355609	922599.4204355609	922599.420435561	922599.420435561	922599.4204355609	922599.420435561	922599.420435561	922599.4204355609	922599.4204355609	922599.4204355609	922599.4204355609	922599.4204355608	922599.420435561	922599.420435561	922599.420435561	922599.4204355609	922599.4204355609	922599.4204355609	922599.420435561	922599.420435561	922599.4204355609	922599.4204355609	922599.420435561	922599.420435561	922599.420435561	922599.420435561	922599.4204355609	922599.420435561	922599.4204355609	922599.420435561	922599.4204355609	922599.4204355609	922599.4204355609	922599.4204355609	922599.4204355609	922599.4204355609	922599.420435561	922599.420435561	922599.420435561	922599.4204355609	922599.420435561	922599.4204355609	922599.420435561	922599.4204355609	922599.4204355609	922599.4204355609	922599.4204355609	922599.420435561	922599.4204355609	922599.4204355609	922599.4204355609	922599.420435561	922599.4204355609	922599.420435561	922599.420435561	922599.4204355611	922599.420435561	922599.4204355609	922599.4204355609	922599.4204355609	922599.420435561	922599.4204355609	922599.4204355609	922599.4204355611	922599.4204355609	922599.420435561	922599.4204355609	922599.420435561	922599.4204355609	922599.4204355609	922599.4204355609	922599.4204355609	922599.4204355609	922599.4204355609	922599.4204355609	922599.4204355609	922599.4204355611	922599.420435561	922599.420435561	922599.4204355609	922599.4204355609	922599.4204355611
Cnidaria_ott641033	15435	914293.127662	872402.342023	872402.342023	877937.506804	879808.190880	907935.271236	934728.153129	955712.852167	966156.253500	977405.548647	904618.9534217	934728.1531286319	908610.6207786493	872402.3420231564	955712.852167249	903075.4559981732	929192.9883481559	907259.9216934433	927941.6399371984	901724.7569129673	927941.6399371984	927941.6399371985	934728.153128632	934728.153128632	907259.9216934433	961248.0169477249	879850.8089547232	901724.7569129674	934728.153128632	929192.988348156	903075.4559981732	879793.984854621	877937.5068036322	879793.9848546211	874315.6441742472	877937.5068036322	879793.9848546211	897445.1242081649	897445.1242081648	961248.0169477249	872402.3420231564	878671.1102902354	934728.153128632	963601.3110585471	903075.4559981732	908610.6207786493	903075.4559981732	955712.8521672488	933476.8047176744	907259.9216934433	879793.984854621	877937.5068036325	879793.9848546211	929192.988348156	877937.5068036322	877937.5068036325	903075.4559981732	961248.0169477247	927941.6399371985	903075.4559981732	877937.5068036322	934728.1531286321	955712.8521672488	934728.1531286319	874315.6441742472	872402.3420231564	908610.6207786493	872402.3420231564	927941.6399371985	874315.644174247	907259.9216934436	955712.8521672488	873135.9455097594	933476.8047176744	929192.988348156	879793.9848546211	966408.2235140952	901724.7569129674	955712.8521672487	874315.644174247	908610.6207786492	879850.8089547232	933476.8047176745	929192.988348156	965928.2806296367	962850.6039767072	903075.4559981733	933476.8047176745	955712.8521672487	962850.6039767072	955712.8521672488	961248.0169477247	907259.9216934433	955712.8521672487	877937.5068036322	966408.2235140952	901724.7569129674	961248.0169477249	934728.153128632	929192.9883481559	874258.820074145	908610.6207786491	903075.4559981732	977405.5486473631	872402.3420231564	908610.6207786492	872402.3420231564	908610.6207786493	961248.0169477249	879850.8089547232	901724.7569129674	901724.7569129674
Porifera_ott67819	10134	570040.575376	554029.929192	554029.929192	557594.628800	557614.193364	563618.073977	587527.288755	587574.802405	588724.316376	588724.316376	575081.8475157002	563627.8840694006	587574.8024052548	554029.9291920286	575580.4930154821	587574.8024052548	588724.3163757008	562754.5425380247	563608.2638853326	587527.2887545549	588697.42437364	563608.2638853326	588724.3163757008	588724.3163757008	562754.5425380247	575580.4930154821	580481.7748028568	562754.5425380247	563627.8840694006	563627.8840694006	562789.2081077497	557594.6288003605	554029.9291920287	557594.6288003605	557614.1933637792	575569.0767793132	557594.6288003605	575569.0767793133	554029.9291920287	587574.8024052549	575569.0767793133	575580.4930154821	563627.8840694006	587574.8024052548	562789.2081077497	562789.2081077497	562789.2081077498	554029.9291920286	563608.2638853326	587527.2887545549	557594.6288003605	554029.9291920287	557594.6288003605	588724.3163757008	554029.9291920286	554029.9291920287	587574.8024052549	587527.2887545549	588697.42437364	562789.2081077497	554029.9291920287	563627.8840694007	587574.8024052549	563627.8840694007	580481.774802857	575569.0767793133	587574.8024052548	554029.9291920287	588697.42437364	557614.1933637792	562754.5425380247	563627.8840694007	554038.258384273	563608.2638853326	588724.3163757008	557594.6288003604	588724.3163757008	562754.5425380247	580481.7748028568	557614.1933637792	562789.2081077497	557614.1933637792	563608.2638853325	563627.8840694006	557614.1933637792	587527.2887545549	587574.8024052548	563608.2638853326	562754.5425380247	587527.2887545549	580481.7748028568	557594.6288003605	562754.5425380247	575569.0767793133	554029.9291920286	588724.3163757008	562754.5425380247	575580.4930154821	588724.3163757008	588724.3163757008	557594.6288003605	562789.2081077497	587574.8024052548	580454.9590360959	554029.9291920287	562789.2081077497	575569.0767793133	562789.2081077497	557614.1933637792	557614.1933637792	562754.5425380247	587527.2887545549
Echinodermata_ott451020	8872	407580.826368	388560.353704	388561.168766	388570.450988	388767.887616	418114.764648	418585.188428	418591.382328	418676.872028	418800.668435	418800.6684349	388571.8138036918	418676.87202785024	388560.3537036918	388562.0103036919	418196.6355475491	418596.6485278502	418196.6355475491	418196.6355475491	388569.0750036918	418596.7888278502	418116.5273475491	388770.3473158933	418676.87202785024	418113.6482475491	418676.8720278502	418106.4794475491	388569.07500369183	418676.8720278502	418116.3870475491	388768.7249158933	418591.38232785027	418104.9269475491	388566.54760369187	418586.74092785025	418104.92694754916	418111.12084754906	388850.59581589326	418196.6355475491	418196.635547549	418676.87202785036	418676.87202785024	388571.8138036918	388768.7249158933	388570.19140369183	418114.76464754913	418114.76464754913	388758.88721589325	418596.7888278503	388767.6085158932	418591.3823278503	418585.1884278502	388566.54760369187	418116.3870475491	418585.18842785025	418196.6355475491	418114.764647549	418113.6482475491	388571.9541036918	418595.0261278503	418585.1884278502	418116.3870475491	388850.59581589326	418116.3870475491	388561.90620369185	418585.1884278502	388768.7249158933	418585.18842785025	418116.5273475491	388561.9062036918	418113.6482475491	388571.8138036918	418586.8450278503	418116.5273475491	418596.6485278502	418591.38232785027	388850.59581589326	418113.648247549	388561.9062036918	388561.9062036918	388768.7249158933	418106.4794475491	418196.6355475491	388770.3473158933	418676.8720278503	388850.5958158932	418595.02612785023	418116.5273475491	418196.6355475491	388569.0750036919	388561.9062036918	418591.38232785027	418113.6482475491	388560.3537036919	388560.35370369186	388571.8138036918	388767.6085158933	388562.0103036919	418116.38704754907	388770.3473158933	418591.38232785027	418114.76464754913	388570.19140369183	418676.87202785024	418196.6355475491	418114.76464754913	418585.18842785025	418114.7646475491	418106.4794475491	418676.87202785024	418113.6482475491	388767.6085158932
Bryozoa_ott442934	7299	188724.045733	188724.045733	188724.045733	188724.045733	188724.045733	188724.045733	188724.045733	188724.045733	188724.045733	188724.045738	188724.04573809996	188724.04573331622	188724.04573331622	188724.04573331622	188724.04573331622	188724.04573331622	188724.04573331622	188724.04573331625	188724.04573331622	188724.04573331622	188724.04573331622	188724.04573331625	188724.04573331625	188724.04573331622	188724.04573331625	188724.04573331622	188724.04573331622	188724.04573331622	188724.04573331622	188724.04573331622	188724.04573331625	188724.04573331622	188724.04573331622	188724.04573331622	188724.04573331622	188724.04573331622	188724.04573331625	188724.04573331622	188724.04573331622	188724.04573331625	188724.04573331622	188724.04573331622	188724.04573331625	188724.04573331625	188724.04573331622	188724.04573331622	188724.04573331622	188724.04573331622	188724.04573331622	188724.04573331622	188724.04573331625	188724.04573331622	188724.04573331625	188724.04573331625	188724.04573331622	188724.04573331625	188724.04573331622	188724.04573331622	188724.04573331625	188724.04573331622	188724.04573331622	188724.04573331622	188724.04573331622	188724.04573331622	188724.04573331622	188724.04573331622	188724.04573331622	188724.04573331622	188724.04573331622	188724.04573331625	188724.04573331622	188724.04573331622	188724.04573331622	188724.04573331622	188724.04573331622	188724.04573331622	188724.04573331622	188724.04573331622	188724.04573331622	188724.04573331622	188724.04573331622	188724.04573331625	188724.04573331622	188724.04573331622	188724.04573331625	188724.04573331625	188724.04573331622	188724.04573331625	188724.04573331625	188724.04573331622	188724.04573331625	188724.04573331622	188724.04573331622	188724.04573331622	188724.04573331622	188724.04573331622	188724.04573331622	188724.04573331622	188724.04573331625	188724.04573331622	188724.04573331625	188724.04573331625	188724.04573331622	188724.04573331622	188724.04573331622	188724.04573331625	188724.04573331625	188724.04573331622	188724.04573331622	188724.04573331625	188724.04573331622	188724.04573331622
Tardigrada_ott111438	1475	85991.561666	75418.659789	75422.228020	75520.117922	75523.445268	90583.511662	90583.511662	90583.511662	90583.511662	90583.511662	75523.4452706	90583.51166182928	90583.51166182928	75425.45641941355	90583.51166182928	90583.51166182928	90583.51166182928	90583.51166182928	90583.51166182928	90583.5116618293	90583.51166182928	90583.51166182928	90583.51166182928	90583.51166182928	90583.51166182928	90583.51166182928	75523.44526836259	90583.51166182928	90583.51166182931	90583.5116618293	90583.51166182928	75520.11792200562	75425.45641941356	90583.51166182928	75523.4452683626	75425.45641941356	75520.11792200564	90583.5116618293	75425.45641941356	90583.5116618293	90583.5116618293	75418.65978903715	90583.51166182928	90583.51166182928	90583.51166182928	90583.51166182928	90583.51166182928	90583.51166182928	90583.51166182928	90583.5116618293	75520.11792200565	75425.45641941356	75520.11792200565	90583.51166182928	75425.45641941356	90583.51166182928	90583.51166182927	90583.51166182928	90583.51166182928	90583.5116618293	90583.51166182928	90583.51166182928	90583.51166182928	90583.51166182928	90583.5116618293	75425.45641941356	90583.51166182928	75425.45641941356	90583.51166182928	90583.51166182928	90583.51166182928	90583.51166182927	75418.65978903715	90583.5116618293	90583.51166182928	75520.11792200565	90583.51166182928	90583.5116618293	75523.44526836262	75523.44526836262	90583.51166182928	90583.51166182928	90583.51166182928	90583.5116618293	75523.44526836262	90583.51166182928	90583.51166182928	90583.51166182928	90583.5116618293	90583.51166182928	75523.44526836259	75520.11792200562	90583.51166182928	75425.45641941356	75425.45641941356	90583.51166182931	90583.5116618293	75418.65978903713	90583.51166182928	90583.51166182928	75520.11792200564	90583.51166182928	90583.51166182928	75520.11792200562	75425.45641941356	90583.5116618293	75425.45641941356	90583.51166182928	90583.5116618293	75523.44526836262	90583.5116618293	90583.51166182928
Chloroplastida_ott361838	426731	3554790.688808	3239650.445089	3251635.964731	3311914.400384	3326170.883521	3378767.169096	3850624.472785	3880399.272618	3920161.431264	3926225.906427	3543485.2602036996	3892647.710707842	3698437.1179399304	3333892.9688558853	3321766.2782395342	3762786.6124458644	3373590.7026730874	3902301.464520093	3323416.1580932997	3882196.0843093847	3303929.029645721	3922278.714552689	3726363.7989770146	3376853.1100929966	3356499.1255034385	3704766.876083319	3318399.0109027848	3252855.7374676336	3253591.539583505	3736749.2936406564	3307089.082936468	3698534.6301543843	3380379.0565027045	3847800.325857523	3891223.956148089	3357298.81504961	3379719.19138325	3882392.4709060723	3377815.146808166	3761633.43418572	3312445.8231512858	3330959.888572644	3888418.866352541	3267163.2222557417	3865901.2195226913	3851132.38025946	3368294.782587382	3319435.893334007	3895816.8905587513	3926225.9064268293	3347397.6568096513	3918755.221603579	3361652.0592086865	3904966.873879373	3880494.6515331436	3900862.23023366	3341568.279057976	3879271.312037708	3872217.6370625026	3239650.445088801	3342562.3226617663	3360155.3528461885	3312084.094216271	3370403.886677254	3728664.3075972237	3311882.0777493194	3379921.424661494	3320055.805653996	3870681.796872627	3849100.750361303	3767515.7218659585	3841748.566393396	3331151.9760076827	3290284.6322601726	3911053.7317047897	3879898.533311801	3871482.4733404666	3883141.9790540743	3853415.9302781625	3307419.6915208977	3326027.3249540757	3245954.380047952	3349623.3006229093	3747623.670196634	3357576.967376998	3336764.819846927	3768997.9496826474	3713328.930178907	3303680.2185017522	3285538.928769435	3337332.188553731	3709465.1133765597	3921715.6629937743	3314953.689964398	3382124.237470785	3331675.892132947	3250287.7948650345	3371253.4754831344	3728241.3220033296	3334261.6981489384	3294668.567596792	3374754.377177938	3276664.102951235	3326601.559222535	3277001.279872249	3347731.8162152395	3737448.616154489	3733670.690054009	3888748.9414989045	3303253.2705899156	3859732.123251037	3725998.3497586893
Tracheophyta_ott10210	390261	2226711.822177	1938996.355830	1944267.960638	1971636.694798	2009264.123506	2032528.341222	2541928.863786	2552382.926966	2575241.617553	2589651.059767	2220681.7069731997	2589651.05976655	2387663.312891225	2023875.5170121517	2010992.4731908292	2408924.044427115	2022754.9787415478	2548438.8965013437	2013440.094604566	2571422.2792606787	1959823.1871923646	2571442.9906211486	2382064.13167035	2026017.3861614573	2012393.2830500824	2404112.7868240876	1964536.4428840354	1952201.648208402	1952937.4503242734	2402874.977923225	1953420.3397710272	2397880.540895153	2039819.167698947	2547146.236598291	2550664.0673443316	2016738.9262458526	2028883.467451711	2582494.7348518125	2026979.4228766272	2417333.766879055	2001711.7492725807	2017841.8646568789	2575107.2016534675	1957145.7704120083	2552589.554823618	2541114.928415726	2014555.4679733273	1968600.1694024676	2541954.322540002	2575390.18249529	1993728.9136442104	2564892.6535848295	2017352.3919020216	2551298.130713932	2536388.8090797868	2557212.463834079	2038569.9709316846	2569253.860193974	2562200.1852187687	1938996.3558295695	2008688.0069443353	2006486.6096807476	1971524.2054125133	2016735.1435118134	2418453.2149701817	1958019.5097305703	2029085.700729954	2020159.7267847362	2557605.161311861	2548446.661102071	2413653.153847209	2541852.4875241355	2031255.8971384228	1946212.664844956	2557384.9885393484	2546024.2175943693	2558364.4494247013	2573124.5272103404	2552761.841018931	2006765.6022616662	2015253.5199053704	1945300.2907887208	1995760.73260416	2403324.002889969	2013277.3000703335	2033768.1689056358	2428438.0608788896	2379454.614461475	1949817.650483003	1972227.2640703612	2024214.164637966	2398691.308327854	2567853.094975025	2014299.6007051663	2031288.5135392456	1980840.1682014077	1949633.7056058035	2020417.751551595	2384135.479549973	2021143.6742331733	1940805.9995780424	2024104.940159707	1966646.6511075015	2026703.8231682754	1943126.9641548176	2037755.7527265057	2424136.951455415	2389371.0227473443	2544676.9740836876	2002599.181330684	2546420.458551964	2423000.041632398
Magnoliopsida_ott99252	373427	1979650.082889	1693456.296121	1695150.451074	1725149.163334	1760363.948026	1787507.171143	2298744.960125	2304556.001008	2331480.987239	2348967.814188	1974683.8518737997	2348967.814188278	2139746.484859336	1775945.1652419176	1762876.1053114103	2158061.057337416	1781467.142039938	2300783.5211167205	1775506.5829831993	2316091.999180682	1709907.8060755355	2328663.3671581964	2132887.476242003	1779846.6498520852	1769308.6594201534	2156280.400966366	1713482.6313165892	1702848.7028988283	1701186.8643728108	2157707.176122702	1703959.1630325764	2149887.907757185	1794708.5227544485	2297583.1228098674	2304534.6572825774	1773942.7560024923	1786496.1292858755	2334357.329127894	1782135.4690137797	2166558.3156927093	1762745.0850883664	1771119.9238960454	2329164.797467716	1709013.0891973386	2304137.494241871	2299177.3172874395	1767145.6640682037	1719843.7227731554	2301159.1608797805	2330247.257730286	1756460.1957479005	2314980.0627012136	1759121.8688431962	2304293.564299951	2294773.2320124223	2305956.409890318	1788227.3329870387	2323882.6306016166	2317861.67438118	1697099.420901797	1760720.2564389203	1760245.1785550928	1726522.9706330148	1774008.5186688628	2171042.027510495	1706077.1018550077	1779839.23720708	1774396.453494975	2312673.206282473	2299132.2392294374	2157309.1864341497	2295475.559060589	1786313.6953594375	1695453.8580164348	2305139.475173443	2304560.066479374	2310344.194578549	2332844.5830114395	2306103.1928766486	1761713.0061774792	1769417.9164387942	1693456.2961208108	1752017.8872029015	2151985.5133151393	1757619.3593861272	1787408.61150609	2183795.027462679	2129798.3678438026	1694176.3695844684	1724887.4857532743	1776439.4305573385	2149282.5511070346	2316499.0846654326	1757828.6014752078	1784221.1236098595	1733660.590560972	1703875.6147910664	1778567.9280147355	2130469.6342713307	1771907.0771568504	1702197.8133750616	1787605.7307805573	1715719.8248938953	1775686.0453546694	1694815.1065579888	1795108.628851944	2177413.8409436992	2133508.753644171	2300782.611630083	1755929.964967734	2302736.468806838	2178752.4506798536
Polypodiopsida_ott166292	13262	142352.874579	140015.817084	140339.357297	141623.306551	141803.310750	142409.970343	143130.807714	143138.404860	143365.177649	144657.488149	140807.06695850004	143130.80771353634	140134.9599149887	140015.8170839681	140524.2882609839	143300.9389087311	141144.95092778778	142231.87146708395	141861.74874173696	140524.2882609839	142949.31283642224	143130.80771353634	141796.7889597217	143078.67291604984	142982.62785075017	143319.1914040796	140134.9599149887	141803.31074972174	143138.4048597529	141803.31074972174	141478.47790174084	141803.31074972174	143130.80771353634	143138.4048597529	143130.80771353634	143130.80771353634	143119.99136353633	143116.208215962	141645.7811539012	143213.40300537786	142955.83462642223	140789.72050894346	141285.21638505688	142175.43686644055	142169.83726144055	141845.08596261914	141869.34588795353	142415.29748115258	143300.9389087311	141805.19189496106	142982.62785075017	141803.31074972174	143285.87638975168	141639.1651597792	142982.62785075017	144657.48814930176	141842.7271948732	142404.6432051423	141024.5264526452	143267.62389440316	143138.4048597529	141862.8240979535	143130.80771353634	141869.34588795353	142175.43686644055	141995.1784914465	143351.01415966373	143130.80771353634	141861.74874173696	141803.31074972174	143267.62389440316	144649.89100308518	143130.80771353634	141869.34588795353	141869.34588795353	143127.5885097529	142919.26217499	141024.5264526452	143138.4048597529	141623.30655094632	141639.1651597792	143274.1456844032	141478.47790174084	143127.51179573682	141995.1784914465	143130.80771353634	143130.80771353634	143274.1456844032	142028.49350577444	140900.4379603518	142418.43194887656	141995.1784914465	143138.4048597529	141623.30655094632	143119.99136353633	141145.8981800638	143274.1456844032	142418.43194887656	143028.10933904658	141290.81599005687	141803.31074972174	141861.74874173696	142420.89708615257	142415.29748115258	141803.31074972174	143380.83203128583	142404.6432051423	143067.94614337455	142982.62785075017	143138.4048597529	143313.47885975154	141805.19189496106
Bryophyta_ott246594	16977	228948.198802	224780.194372	224780.194372	224780.194372	225334.423627	231815.506282	231815.506282	232603.985188	232903.167465	232903.167465	228700.36543400004	225334.42362686465	224780.1943716042	226307.05680137596	224780.1943716042	231815.5062823658	231815.5062823658	231815.50628236582	226307.05680137596	224780.19437160416	232903.16746484308	231815.50628236585	232903.16746484305	231815.50628236582	232903.16746484308	224780.19437160416	231815.50628236582	224780.19437160422	224780.19437160422	232754.17164589185	231815.50628236582	224780.1943716042	231815.5062823658	224780.19437160416	231815.50628236582	231815.50628236585	231815.50628236576	226307.056801376	231815.5062823658	232903.16746484308	224780.1943716042	225334.42362686462	225334.42362686465	226307.056801376	225334.42362686462	226307.05680137602	231815.50628236576	231815.50628236582	231815.50628236582	231815.5062823658	231815.50628236582	231815.5062823658	232903.16746484305	231815.50628236582	232903.16746484305	231815.5062823658	225334.42362686465	226307.05680137596	226307.056801376	224780.19437160416	232754.17164589185	231815.50628236582	231815.50628236585	231815.50628236582	226307.05680137596	231815.50628236582	231815.50628236582	226307.05680137596	225334.42362686462	224780.1943716042	231815.50628236585	226307.056801376	226307.05680137602	232871.8387242035	231815.50628236576	232754.17164589188	225334.42362686465	226307.05680137605	224780.19437160416	224780.19437160422	224780.19437160422	224780.19437160416	231815.5062823658	232903.16746484305	232903.16746484305	225334.42362686465	231815.5062823658	232754.17164589185	231815.5062823658	225334.42362686465	225334.42362686465	224780.19437160422	231815.5062823658	224780.19437160416	231815.5062823658	231815.50628236582	224780.1943716042	231815.50628236576	232903.16746484308	225334.42362686465	231815.50628236585	231815.5062823658	226307.05680137596	226307.056801376	232754.17164589185	226307.056801376	225334.42362686465	232903.16746484308	232871.83872420347	224780.19437160416	225334.42362686468	225334.42362686468
Marchantiophyta_ott56601	9588	239373.994701	223227.816948	223227.816948	225389.764598	225389.764598	246035.794249	253650.162956	256677.007043	256677.007043	256752.671087	231324.04871540004	227301.02219502197	225389.76459822257	223229.47413347897	225389.7645982226	256677.00704326556	253650.1629560559	256677.00704326556	223227.81694847898	225389.7645982226	246035.79424870378	253650.16295605586	246035.79424870378	253650.1629560559	246035.79424870378	225389.76459822257	256677.0070432655	225389.76459822257	225389.76459822257	246035.79424870378	256677.00704326556	225389.7645982226	253662.7934910559	225389.7645982226	253662.7934910559	253662.79349105584	253650.1629560559	223229.47413347897	253650.16295605584	246035.79424870372	225389.7645982226	227302.67938002196	227302.67938002196	223229.47413347897	227302.67938002196	223229.47413347897	256752.67108687948	253650.1629560559	256677.00704326556	253650.1629560559	256677.00704326553	256677.00704326556	246035.79424870378	256677.00704326556	246035.79424870375	256752.67108687948	227302.679380022	223229.47413347897	223229.47413347897	225389.7645982226	246035.79424870375	256677.00704326556	253662.7934910559	256677.00704326556	223229.47413347897	256677.00704326556	253650.1629560559	223227.81694847898	227301.02219502197	225389.7645982226	256677.00704326556	223227.81694847898	223227.81694847898	246035.79424870378	256677.00704326556	246035.79424870378	227302.67938002196	223229.47413347897	225389.76459822257	225389.7645982226	225389.76459822257	225389.76459822257	256677.00704326556	246035.7942487038	246035.79424870378	227301.02219502197	253662.7934910559	246035.79424870378	256677.00704326556	227302.679380022	227302.67938002196	225389.76459822257	256677.00704326556	225389.7645982226	253650.16295605584	253650.1629560559	225389.76459822257	253650.1629560559	246035.79424870378	227302.67938002196	256677.00704326556	253662.7934910559	223229.47413347897	223229.47413347897	246035.79424870372	223227.81694847898	227302.67938002196	246035.79424870378	246035.79424870375	225389.7645982226	227302.67938002196	227302.67938002196
Chlorophyta_ott979501	6869	627448.161101	627448.161101	627448.161101	627448.161101	627448.161101	627448.161101	627448.161101	627448.161101	627448.161101	627448.161107	627448.1611070998	627448.1611012443	627448.1611012442	627448.1611012443	627448.1611012442	627448.1611012443	627448.1611012443	627448.1611012443	627448.1611012442	627448.1611012443	627448.1611012443	627448.1611012443	627448.1611012443	627448.1611012443	627448.1611012442	627448.1611012442	627448.1611012443	627448.1611012444	627448.1611012443	627448.1611012442	627448.1611012443	627448.1611012442	627448.1611012442	627448.1611012443	627448.1611012442	627448.1611012442	627448.1611012442	627448.1611012442	627448.1611012442	627448.1611012442	627448.1611012442	627448.1611012443	627448.1611012443	627448.1611012443	627448.1611012443	627448.1611012443	627448.1611012443	627448.1611012442	627448.1611012442	627448.1611012443	627448.1611012443	627448.1611012442	627448.1611012443	627448.1611012442	627448.1611012442	627448.1611012442	627448.1611012442	627448.1611012443	627448.1611012443	627448.1611012443	627448.1611012443	627448.1611012443	627448.1611012443	627448.1611012443	627448.1611012443	627448.1611012443	627448.1611012443	627448.1611012443	627448.1611012443	627448.1611012442	627448.1611012442	627448.1611012442	627448.1611012443	627448.1611012442	627448.1611012443	627448.1611012442	627448.1611012442	627448.1611012443	627448.1611012442	627448.1611012443	627448.1611012442	627448.1611012442	627448.1611012442	627448.1611012442	627448.1611012443	627448.1611012442	627448.1611012443	627448.1611012442	627448.1611012442	627448.1611012443	627448.1611012442	627448.1611012442	627448.1611012443	627448.1611012443	627448.1611012442	627448.1611012442	627448.1611012442	627448.1611012442	627448.1611012443	627448.1611012443	627448.1611012443	627448.1611012442	627448.1611012443	627448.1611012443	627448.1611012443	627448.1611012442	627448.1611012442	627448.1611012443	627448.1611012442	627448.1611012443	627448.1611012443	627448.1611012442
Rhodophyta_ott878953	9274	645553.090792	645553.090788	645553.090792	645553.090792	645553.090792	645553.090792	645553.090792	645553.090792	645553.090792	645553.090792	645553.0907879997	645553.0907920573	645553.0907920573	645553.0907920575	645553.0907920575	645553.0907920573	645553.0907920576	645553.0907920573	645553.0907920575	645553.0907920575	645553.0907920575	645553.0907920573	645553.0907920573	645553.0907920573	645553.0907920572	645553.0907920575	645553.0907920573	645553.0907920573	645553.0907920575	645553.0907920573	645553.0907920575	645553.0907920573	645553.0907920573	645553.0907920576	645553.0907920575	645553.0907920576	645553.0907920573	645553.0907920575	645553.0907920573	645553.0907920575	645553.0907920573	645553.0907920573	645553.0907920576	645553.0907920575	645553.0907920575	645553.0907920575	645553.0907920572	645553.0907920576	645553.0907920575	645553.0907920576	645553.0907920573	645553.0907920573	645553.0907920576	645553.0907920575	645553.0907920573	645553.0907920575	645553.0907920573	645553.0907920573	645553.0907920575	645553.0907920576	645553.0907920575	645553.0907920576	645553.0907920576	645553.0907920576	645553.0907920573	645553.0907920573	645553.0907920573	645553.0907920575	645553.0907920572	645553.0907920575	645553.0907920573	645553.0907920575	645553.0907920575	645553.0907920577	645553.0907920575	645553.0907920573	645553.0907920575	645553.0907920573	645553.0907920575	645553.0907920576	645553.0907920576	645553.0907920573	645553.0907920573	645553.0907920573	645553.0907920575	645553.0907920572	645553.0907920575	645553.0907920572	645553.0907920576	645553.0907920573	645553.0907920573	645553.0907920576	645553.0907920573	645553.0907920576	645553.0907920575	645553.0907920576	645553.0907920575	645553.0907920575	645553.0907920575	645553.0907920575	645553.0907920575	645553.0907920573	645553.0907920575	645553.0907920572	645553.0907920576	645553.0907920575	645553.0907920576	645553.0907920573	645553.0907920576	645553.0907920575	645553.0907920572	645553.0907920575
Fungi_ott352914	247148	6451236.128045	6211235.566269	6211235.566269	6231588.319222	6270360.978619	6447976.454204	6630774.329066	6649009.605963	6697018.269023	6697018.269023	6426894.256613298	6651127.082018534	6231588.319221914	6630774.329065683	6697018.26902283	6473511.606433458	6211235.566269063	6211235.566269062	6630774.329065681	6676665.516069979	6453158.8534806045	6224469.791614824	6473511.606433457	6447976.454204196	6270360.97861912	6697018.26902283	6455094.981811286	6697018.269022829	6473511.606433458	6453158.853480606	6676665.5160699785	6473511.606433457	6224469.791614824	6231588.319221914	6231588.319221914	6447976.454204197	6414386.1940834	6651127.082018533	6407267.66647631	6493867.641208491	6637892.856672772	6427620.41942916	6630774.329065682	6447976.454204194	6407267.666476309	6447976.454204196	6270360.978619119	6447976.454204196	6231588.319221914	6651127.082018533	6434742.2288584355	6270360.978619119	6270360.978619119	6270360.97861912	6231588.319221915	6231588.319221915	6407267.66647631	6224469.791614824	6447976.454204197	6455094.981811286	6231588.319221913	6211235.566269063	6637892.856672772	6231588.319221914	6630774.329065683	6493867.641208491	6630774.329065681	6407267.666476309	6427620.419429161	6493867.641208491	6514220.394161344	6630774.329065681	6414386.194083401	6270360.97861912	6270360.97861912	6270360.97861912	6651127.082018534	6637892.856672773	6473511.606433457	6473511.606433457	6434742.2288584355	6270360.978619119	6473511.606433457	6493867.641208491	6676665.516069978	6651127.082018533	6427620.41942916	6270360.97861912	6473511.606433458	6651127.082018534	6630774.329065682	6290713.7315719705	6231588.319221914	6697018.26902283	6414386.1940834	6447976.454204194	6697018.26902283	6637892.856672772	6493867.641208491	6447976.454204194	6697018.26902283	6211235.5662690615	6637892.856672773	6651127.082018533	6270360.97861912	6224469.791614824	6651127.082018533	6514220.394161344	6231588.319221915	6493867.641208492	6407267.66647631	6637892.856672772
Ascomycota_ott439373	163306	3946146.104394	3853765.494393	3853765.494393	3853765.494393	3853765.494393	3992062.897093	4036692.627859	4036692.627859	4036692.627859	4036692.627859	3947562.4249315993	4036692.6278591985	3853894.7529977118	4036563.3692547358	4036692.627859199	4036692.6278591985	3853765.4943932495	3853765.4943932495	4036563.369254735	4036563.3692547358	4036563.369254735	3853765.494393249	4036692.627859198	3853765.4943932495	3853765.494393249	4036692.627859199	3853894.752997712	4036692.627859198	4036692.6278591985	4036563.3692547358	4036563.3692547358	4036692.6278591985	3853765.494393249	3853894.7529977118	3853894.752997712	3853765.4943932495	4036692.6278591985	4036692.627859198	4036563.3692547353	3853765.4943932495	4036692.6278591985	4036692.6278591976	4036563.3692547358	3853765.494393248	4036563.3692547353	3853765.4943932495	3853765.4943932495	3853765.4943932495	3853894.7529977118	4036692.6278591976	3853765.4943932495	3853765.494393249	3853765.494393249	3853765.494393249	3853894.752997712	3853894.752997712	4036563.3692547353	3853765.494393249	3853765.4943932495	3853894.752997712	3853894.752997711	3853765.494393249	4036692.6278591976	3853894.7529977118	4036563.3692547358	3853765.494393249	4036563.369254735	4036563.3692547358	4036692.6278591985	3853765.494393249	3853894.752997712	4036563.369254735	4036692.627859199	3853765.4943932495	3853765.4943932495	3853765.4943932495	4036692.627859199	4036692.6278591985	4036692.627859198	4036692.627859198	3853765.494393249	3853765.494393249	4036692.6278591985	3853765.4943932486	4036563.369254735	4036692.627859198	4036692.6278591976	3853765.4943932495	4036692.6278591985	4036692.627859198	4036563.3692547358	3853894.7529977118	3853894.7529977118	4036692.6278591985	4036692.6278591985	3853765.494393249	4036692.6278591985	4036692.6278591976	3853765.4943932495	3853765.494393249	4036692.6278591985	3853765.494393249	4036692.6278591985	4036692.627859198	3853765.494393249	3853765.494393249	4036692.6278591985	3853894.752997712	3853894.752997712	3853765.4943932495	4036563.3692547358	4036692.627859198
Basidiomycota_ott634628	78409	1741287.141339	1621509.395917	1621509.395917	1621509.395917	1626207.612537	1691479.052194	1845016.058506	1863808.924986	1863808.924986	1863808.924986	1742655.841992199	1863808.9249858444	1640302.2623964718	1845016.0585064287	1863808.9249858444	1640302.2623964723	1621509.3959170561	1621509.3959170561	1845016.0585064285	1845016.0585064287	1621509.395917056	1621509.3959170564	1640302.2623964723	1845016.0585064283	1621509.3959170561	1863808.9249858444	1863808.9249858442	1863808.9249858442	1640302.2623964723	1621509.3959170561	1845016.0585064283	1640302.2623964718	1621509.3959170566	1640302.2623964723	1640302.2623964718	1845016.0585064287	1640302.2623964718	1863808.9249858444	1621509.3959170566	1845016.0585064283	1863808.9249858442	1640302.262396472	1845016.0585064283	1845016.0585064285	1621509.3959170566	1845016.0585064283	1621509.3959170566	1845016.0585064283	1640302.2623964718	1863808.9249858442	1845016.0585064283	1621509.395917056	1621509.3959170561	1621509.3959170561	1640302.2623964723	1640302.262396472	1621509.3959170564	1621509.3959170561	1845016.0585064287	1863808.9249858442	1640302.2623964723	1621509.3959170561	1863808.9249858446	1640302.2623964718	1845016.0585064287	1845016.0585064285	1845016.0585064278	1621509.3959170557	1640302.2623964718	1845016.0585064283	1863808.9249858444	1845016.0585064285	1640302.2623964718	1621509.3959170557	1621509.3959170561	1621509.3959170561	1863808.9249858444	1863808.9249858444	1640302.262396472	1640302.2623964723	1845016.0585064287	1621509.3959170557	1640302.2623964718	1845016.0585064287	1845016.0585064287	1863808.9249858444	1640302.2623964718	1621509.3959170561	1640302.2623964723	1863808.9249858449	1845016.0585064283	1640302.262396472	1640302.2623964723	1863808.9249858444	1640302.2623964718	1845016.0585064283	1863808.9249858444	1863808.9249858449	1845016.0585064285	1845016.0585064283	1863808.9249858444	1621509.3959170557	1863808.9249858449	1863808.9249858444	1621509.3959170566	1621509.3959170561	1863808.924985844	1863808.9249858444	1640302.2623964723	1845016.0585064287	1621509.3959170566	1863808.9249858444
Microsporidia_ott16113	1466	275172.852786	248448.062629	248448.062630	248448.062630	248448.062630	261476.012877	306651.917432	306651.917432	306651.917432	306651.917432	248448.0626288	261476.0128773036	248448.0626300025	261476.01287730355	306651.9174324569	306651.9174324568	248448.0626300025	248448.06263000256	261476.01287730352	306651.91743245686	306651.91743245674	261476.01287730352	306651.91743245686	261476.0128773036	306651.91743245674	306651.9174324568	248448.06263000253	306651.9174324567	306651.91743245674	306651.91743245674	306651.9174324568	306651.9174324568	261476.0128773036	248448.0626300025	248448.06263000256	261476.0128773036	248448.06263000256	261476.01287730355	261476.01287730358	306651.9174324567	248448.0626300025	261476.01287730355	261476.01287730358	261476.01287730355	261476.0128773035	261476.01287730352	306651.91743245674	261476.01287730355	248448.06263000256	261476.01287730352	248448.06263000247	306651.9174324569	306651.91743245674	306651.91743245686	248448.0626300025	248448.06263000256	261476.0128773036	261476.01287730364	261476.0128773035	248448.0626300025	248448.0626300025	248448.0626300026	248448.0626300025	248448.06263000256	261476.0128773036	306651.9174324567	261476.01287730355	261476.01287730358	261476.01287730355	306651.9174324567	306651.9174324568	261476.01287730358	248448.0626300025	306651.9174324568	306651.91743245674	306651.9174324567	261476.01287730347	248448.06263000256	306651.91743245674	306651.91743245686	248448.06263000247	306651.91743245686	306651.9174324568	306651.91743245674	306651.91743245674	261476.0128773035	261476.01287730352	306651.9174324568	306651.9174324568	261476.01287730352	261476.01287730358	306651.9174324568	248448.06263000253	306651.9174324568	248448.0626300026	261476.01287730358	306651.9174324568	248448.0626300025	306651.91743245674	261476.01287730358	306651.9174324568	248448.06263000256	248448.0626300025	261476.01287730352	306651.9174324568	261476.01287730355	261476.01287730355	306651.91743245674	248448.06263000253	306651.91743245674	261476.01287730355	248448.06263000256
SAR_ott5246039	51095	3428462.553834	3426646.536405	3426646.536405	3426646.536405	3426646.536405	3426646.536405	3431004.978183	3431004.978183	3431004.978183	3431004.978183	3428825.7595509	3426646.536404578	3431004.978182813	3426646.536404578	3426646.536404578	3426646.536404578	3431004.978182813	3431004.978182813	3426646.5364045785	3426646.536404579	3426646.536404578	3426646.536404578	3426646.536404578	3426646.5364045785	3431004.978182813	3426646.5364045785	3431004.9781828136	3426646.536404578	3431004.978182813	3426646.5364045785	3426646.536404578	3431004.978182813	3426646.536404578	3431004.978182813	3431004.978182813	3426646.536404578	3431004.978182813	3426646.5364045785	3426646.536404578	3431004.978182813	3431004.978182813	3426646.536404578	3426646.536404578	3426646.5364045785	3426646.5364045785	3426646.536404578	3426646.5364045785	3426646.536404578	3431004.978182813	3426646.5364045785	3431004.978182813	3431004.978182813	3426646.536404578	3426646.536404578	3431004.978182813	3431004.978182813	3426646.5364045785	3426646.536404578	3426646.5364045785	3431004.978182813	3431004.978182813	3431004.978182813	3431004.978182813	3431004.978182813	3426646.5364045785	3431004.978182813	3426646.5364045785	3426646.5364045785	3426646.5364045785	3431004.9781828136	3431004.978182813	3426646.5364045785	3431004.978182813	3431004.978182813	3431004.9781828136	3426646.536404578	3426646.536404578	3431004.978182813	3426646.536404578	3426646.536404578	3431004.978182813	3431004.978182813	3431004.978182813	3426646.5364045785	3426646.536404578	3426646.5364045785	3426646.536404578	3431004.978182813	3426646.536404578	3426646.536404578	3426646.536404578	3431004.978182813	3431004.978182813	3426646.536404578	3431004.9781828136	3426646.536404578	3426646.536404578	3431004.978182813	3426646.536404578	3426646.536404578	3426646.536404578	3431004.978182813	3431004.978182813	3426646.536404578	3426646.536404578	3426646.536404578	3426646.5364045785	3431004.978182813	3431004.978182813	3426646.536404578	3426646.536404579	3431004.978182813
Stramenopiles_ott266745	20087	602163.181204	602163.181125	602163.181205	602163.181205	602163.181205	602163.181205	602163.181205	602163.181205	602163.181205	602163.181205	602163.1811249001	602163.1812046062	602163.1812046062	602163.1812046062	602163.1812046062	602163.1812046063	602163.1812046062	602163.1812046063	602163.1812046063	602163.1812046062	602163.1812046062	602163.1812046062	602163.1812046062	602163.1812046062	602163.1812046062	602163.1812046063	602163.1812046063	602163.1812046062	602163.1812046062	602163.1812046063	602163.1812046063	602163.1812046063	602163.1812046063	602163.1812046063	602163.1812046062	602163.1812046063	602163.1812046063	602163.1812046063	602163.1812046063	602163.1812046062	602163.1812046063	602163.1812046062	602163.1812046062	602163.1812046062	602163.1812046062	602163.1812046062	602163.1812046063	602163.1812046063	602163.1812046063	602163.1812046062	602163.1812046063	602163.1812046062	602163.1812046063	602163.1812046062	602163.1812046062	602163.1812046062	602163.1812046063	602163.1812046062	602163.1812046063	602163.1812046062	602163.1812046063	602163.1812046062	602163.1812046062	602163.1812046063	602163.1812046062	602163.1812046064	602163.1812046062	602163.1812046063	602163.1812046063	602163.1812046063	602163.1812046063	602163.1812046062	602163.1812046063	602163.1812046063	602163.1812046062	602163.1812046062	602163.1812046063	602163.1812046062	602163.1812046063	602163.1812046062	602163.1812046063	602163.1812046063	602163.1812046063	602163.1812046062	602163.1812046062	602163.1812046063	602163.1812046062	602163.1812046062	602163.1812046062	602163.1812046062	602163.1812046062	602163.1812046063	602163.1812046063	602163.1812046062	602163.1812046063	602163.1812046062	602163.1812046062	602163.1812046062	602163.1812046062	602163.1812046062	602163.1812046062	602163.1812046062	602163.1812046063	602163.1812046062	602163.1812046063	602163.1812046062	602163.1812046063	602163.1812046062	602163.1812046063	602163.1812046062	602163.1812046061	602163.1812046062
Alveolata_ott266751	14858	1479384.222057	1477524.644664	1477524.644664	1477524.644664	1477524.644664	1477524.644664	1481987.630352	1481987.630352	1481987.630352	1481987.630352	1479756.1398294	1477524.6446641362	1481987.6303522477	1477524.6446641365	1477524.6446641367	1477524.6446641365	1481987.6303522477	1481987.6303522477	1477524.6446641367	1477524.6446641367	1477524.6446641367	1477524.6446641365	1477524.6446641362	1477524.6446641365	1481987.6303522477	1477524.6446641367	1481987.630352248	1477524.6446641362	1481987.6303522477	1477524.6446641367	1477524.6446641362	1481987.6303522477	1477524.6446641362	1481987.6303522477	1481987.6303522477	1477524.6446641362	1481987.6303522475	1477524.6446641367	1477524.6446641365	1481987.6303522477	1481987.6303522477	1477524.6446641362	1477524.6446641365	1477524.6446641365	1477524.644664137	1477524.6446641362	1477524.6446641365	1477524.6446641365	1481987.630352248	1477524.6446641365	1481987.6303522477	1481987.630352248	1477524.6446641365	1477524.6446641362	1481987.6303522477	1481987.6303522477	1477524.6446641365	1477524.6446641367	1477524.6446641367	1481987.630352248	1481987.630352248	1481987.630352248	1481987.630352248	1481987.630352248	1477524.6446641365	1481987.6303522477	1477524.6446641365	1477524.6446641367	1477524.6446641365	1481987.6303522482	1481987.630352248	1477524.6446641365	1481987.6303522477	1481987.6303522477	1481987.630352248	1477524.6446641365	1477524.6446641365	1481987.6303522477	1477524.6446641362	1477524.6446641365	1481987.6303522477	1481987.6303522477	1481987.6303522477	1477524.6446641365	1477524.6446641365	1477524.6446641365	1477524.6446641365	1481987.6303522477	1477524.6446641362	1477524.6446641362	1477524.6446641362	1481987.6303522477	1481987.6303522477	1477524.6446641365	1481987.6303522482	1477524.6446641362	1477524.6446641367	1481987.6303522477	1477524.6446641362	1477524.6446641362	1477524.6446641365	1481987.6303522477	1481987.6303522477	1477524.6446641365	1477524.6446641362	1477524.6446641362	1477524.6446641367	1481987.6303522475	1481987.6303522477	1477524.6446641367	1477524.644664137	1481987.6303522477
Rhizaria_ott6929	16150	1345856.510821	1345856.510396	1345856.510396	1345856.510396	1345856.510396	1345856.510396	1345856.511416	1345856.511416	1345856.511416	1345856.511416	1345856.5109166002	1345856.5103958356	1345856.511415959	1345856.5103958356	1345856.5103958356	1345856.5103958356	1345856.511415959	1345856.5114159593	1345856.5103958356	1345856.5103958359	1345856.5103958356	1345856.5103958356	1345856.5103958359	1345856.5103958359	1345856.511415959	1345856.5103958356	1345856.5114159593	1345856.5103958356	1345856.5114159593	1345856.5103958356	1345856.5103958356	1345856.511415959	1345856.5103958356	1345856.511415959	1345856.511415959	1345856.5103958356	1345856.511415959	1345856.5103958356	1345856.5103958356	1345856.511415959	1345856.5114159593	1345856.5103958356	1345856.5103958356	1345856.5103958359	1345856.5103958356	1345856.5103958359	1345856.5103958359	1345856.5103958356	1345856.511415959	1345856.5103958359	1345856.511415959	1345856.511415959	1345856.5103958356	1345856.5103958356	1345856.5114159593	1345856.511415959	1345856.5103958359	1345856.5103958356	1345856.5103958356	1345856.511415959	1345856.511415959	1345856.511415959	1345856.511415959	1345856.511415959	1345856.5103958359	1345856.5114159593	1345856.5103958359	1345856.5103958356	1345856.5103958359	1345856.511415959	1345856.511415959	1345856.5103958359	1345856.5114159593	1345856.511415959	1345856.5114159593	1345856.5103958356	1345856.5103958356	1345856.5114159593	1345856.5103958359	1345856.5103958356	1345856.5114159593	1345856.511415959	1345856.5114159593	1345856.5103958359	1345856.5103958356	1345856.5103958359	1345856.5103958356	1345856.511415959	1345856.5103958356	1345856.5103958359	1345856.5103958356	1345856.511415959	1345856.511415959	1345856.5103958356	1345856.511415959	1345856.5103958359	1345856.5103958356	1345856.511415959	1345856.5103958356	1345856.5103958356	1345856.5103958356	1345856.5114159593	1345856.511415959	1345856.5103958356	1345856.5103958359	1345856.5103958359	1345856.5103958356	1345856.5114159593	1345856.5114159593	1345856.5103958356	1345856.5103958359	1345856.511415959
Archaea_ott996421	1507	738910.641365	738910.641365	738910.641365	738910.641365	738910.641365	738910.641365	738910.641365	738910.641365	738910.641365	738910.641366	738910.6413660999	738910.6413651353	738910.6413651353	738910.6413651354	738910.6413651353	738910.6413651353	738910.6413651353	738910.6413651353	738910.6413651353	738910.6413651354	738910.6413651353	738910.6413651353	738910.6413651354	738910.6413651354	738910.6413651353	738910.6413651356	738910.6413651354	738910.6413651353	738910.6413651354	738910.6413651353	738910.6413651353	738910.6413651353	738910.6413651353	738910.6413651353	738910.6413651353	738910.6413651353	738910.6413651353	738910.6413651353	738910.6413651353	738910.6413651353	738910.6413651353	738910.6413651353	738910.6413651352	738910.6413651356	738910.6413651353	738910.6413651353	738910.6413651353	738910.6413651353	738910.6413651353	738910.6413651353	738910.6413651353	738910.6413651354	738910.6413651353	738910.6413651356	738910.6413651353	738910.6413651353	738910.6413651353	738910.6413651356	738910.6413651353	738910.6413651353	738910.6413651353	738910.6413651353	738910.6413651354	738910.6413651353	738910.6413651354	738910.6413651354	738910.6413651353	738910.6413651353	738910.6413651352	738910.6413651353	738910.6413651354	738910.6413651353	738910.6413651353	738910.6413651352	738910.6413651353	738910.6413651354	738910.6413651353	738910.6413651353	738910.6413651353	738910.6413651353	738910.6413651354	738910.6413651354	738910.6413651354	738910.6413651353	738910.6413651354	738910.6413651353	738910.6413651353	738910.6413651353	738910.6413651354	738910.6413651353	738910.6413651353	738910.6413651353	738910.6413651353	738910.6413651353	738910.6413651353	738910.6413651353	738910.6413651353	738910.6413651353	738910.6413651353	738910.6413651354	738910.6413651353	738910.6413651354	738910.6413651353	738910.6413651353	738910.6413651354	738910.6413651353	738910.6413651354	738910.6413651353	738910.6413651353	738910.6413651353	738910.6413651353	738910.6413651353
Bacteria_ott844192	77634	17705340.981252	17705340.981228	17705340.981252	17705340.981252	17705340.981252	17705340.981252	17705340.981252	17705340.981252	17705340.981252	17705340.981252	17705340.981228203	17705340.981251884	17705340.981251884	17705340.981251884	17705340.981251884	17705340.981251884	17705340.981251884	17705340.981251884	17705340.981251888	17705340.98125188	17705340.981251884	17705340.981251884	17705340.981251884	17705340.981251884	17705340.981251884	17705340.981251884	17705340.981251888	17705340.981251884	17705340.981251884	17705340.981251884	17705340.981251884	17705340.981251884	17705340.981251884	17705340.981251884	17705340.981251884	17705340.981251884	17705340.981251884	17705340.981251884	17705340.98125188	17705340.981251884	17705340.981251888	17705340.981251884	17705340.981251888	17705340.981251888	17705340.981251884	17705340.981251884	17705340.981251884	17705340.981251888	17705340.981251884	17705340.981251884	17705340.981251884	17705340.981251884	17705340.981251884	17705340.981251884	17705340.981251884	17705340.981251888	17705340.981251884	17705340.981251884	17705340.981251884	17705340.981251884	17705340.981251884	17705340.981251884	17705340.981251884	17705340.981251884	17705340.981251884	17705340.981251884	17705340.981251884	17705340.981251884	17705340.981251884	17705340.981251888	17705340.981251884	17705340.981251884	17705340.981251888	17705340.981251884	17705340.981251884	17705340.981251884	17705340.981251884	17705340.981251884	17705340.981251884	17705340.981251884	17705340.981251884	17705340.981251884	17705340.981251884	17705340.981251884	17705340.981251884	17705340.981251884	17705340.981251888	17705340.981251884	17705340.981251884	17705340.981251884	17705340.981251888	17705340.981251884	17705340.981251884	17705340.981251884	17705340.981251884	17705340.981251884	17705340.981251884	17705340.981251884	17705340.981251884	17705340.981251884	17705340.981251884	17705340.981251884	17705340.981251884	17705340.981251884	17705340.981251884	17705340.981251884	17705340.981251884	17705340.98125188	17705340.981251884	17705340.981251884	17705340.981251888	17705340.981251888
